dept_code,admission_year,requirement_group,target_grade_level,required_count,requirement_text,is_alert_required,logic_operator,course_code,recommended_course
ARCH_ARC,2026.0,1.0,A,1.0,[더미] 아래 3개 과목 중 성적 B(3.0) 이상 2과목 또는 A(4.0) 이상 1과목 필수,True,AND,ARE1055,
ARCH_ARC,2026.0,1.0,A,1.0,[더미] 아래 3개 과목 중 성적 B(3.0) 이상 2과목 또는 A(4.0) 이상 1과목 필수,True,AND,ARE2076,
ARCH_ARC,2026.0,1.0,A,1.0,[더미] 아래 3개 과목 중 성적 B(3.0) 이상 2과목 또는 A(4.0) 이상 1과목 필수,True,AND,ARE1065,
ARCH_ARC,2026.0,2.0,B,2.0,[더미] 아래 3개 과목 중 성적 B(3.0) 이상 2과목 또는 A(4.0) 이상 1과목 필수,True,AND,ARE1055,
ARCH_ARC,2026.0,2.0,B,2.0,[더미] 아래 3개 과목 중 성적 B(3.0) 이상 2과목 또는 A(4.0) 이상 1과목 필수,True,AND,ARE2076,
ARCH_ARC,2026.0,2.0,B,2.0,[더미] 아래 3개 과목 중 성적 B(3.0) 이상 2과목 또는 A(4.0) 이상 1과목 필수,True,AND,ARE1065,
ARCH_ENG,2026.0,1.0,A,1.0,[더미] 아래 5개 과목 중 성적 B(3.0) 이상 2과목 또는 A(4.0) 이상 1과목 필수,True,AND,GEN0063,
ARCH_ENG,2026.0,1.0,A,1.0,[더미] 아래 5개 과목 중 성적 B(3.0) 이상 2과목 또는 A(4.0) 이상 1과목 필수,True,AND,GEN2052,
ARCH_ENG,2026.0,1.0,A,1.0,[더미] 아래 5개 과목 중 성적 B(3.0) 이상 2과목 또는 A(4.0) 이상 1과목 필수,True,AND,COE3051,
ARCH_ENG,2026.0,1.0,A,1.0,[더미] 아래 5개 과목 중 성적 B(3.0) 이상 2과목 또는 A(4.0) 이상 1과목 필수,True,AND,COE2003,
ARCH_ENG,2026.0,1.0,A,1.0,[더미] 아래 5개 과목 중 성적 B(3.0) 이상 2과목 또는 A(4.0) 이상 1과목 필수,True,AND,ARE1060,
ARCH_ENG,2026.0,2.0,B,2.0,[더미] 아래 5개 과목 중 성적 B(3.0) 이상 2과목 또는 A(4.0) 이상 1과목 필수,True,AND,GEN0063,
ARCH_ENG,2026.0,2.0,B,2.0,[더미] 아래 5개 과목 중 성적 B(3.0) 이상 2과목 또는 A(4.0) 이상 1과목 필수,True,AND,GEN2052,
ARCH_ENG,2026.0,2.0,B,2.0,[더미] 아래 5개 과목 중 성적 B(3.0) 이상 2과목 또는 A(4.0) 이상 1과목 필수,True,AND,COE3051,
ARCH_ENG,2026.0,2.0,B,2.0,[더미] 아래 5개 과목 중 성적 B(3.0) 이상 2과목 또는 A(4.0) 이상 1과목 필수,True,AND,COE2003,
ARCH_ENG,2026.0,2.0,B,2.0,[더미] 아래 5개 과목 중 성적 B(3.0) 이상 2과목 또는 A(4.0) 이상 1과목 필수,True,AND,ARE1060,
CIVIL,2026.0,1.0,A,1.0,[더미] 아래 5개 과목 중 성적 B(3.0) 이상 2과목 또는 A(4.0) 이상 1과목 필수,True,AND,GEN0063,
CIVIL,2026.0,1.0,A,1.0,[더미] 아래 5개 과목 중 성적 B(3.0) 이상 2과목 또는 A(4.0) 이상 1과목 필수,True,AND,GEN2052,
CIVIL,2026.0,1.0,A,1.0,[더미] 아래 5개 과목 중 성적 B(3.0) 이상 2과목 또는 A(4.0) 이상 1과목 필수,True,AND,GEN2053,
CIVIL,2026.0,1.0,A,1.0,[더미] 아래 5개 과목 중 성적 B(3.0) 이상 2과목 또는 A(4.0) 이상 1과목 필수,True,AND,GEN0064,
CIVIL,2026.0,1.0,A,1.0,[더미] 아래 5개 과목 중 성적 B(3.0) 이상 2과목 또는 A(4.0) 이상 1과목 필수,True,AND,GEN0066,
CIVIL,2026.0,2.0,B,2.0,[더미] 아래 5개 과목 중 성적 B(3.0) 이상 2과목 또는 A(4.0) 이상 1과목 필수,True,AND,GEN0063,
CIVIL,2026.0,2.0,B,2.0,[더미] 아래 5개 과목 중 성적 B(3.0) 이상 2과목 또는 A(4.0) 이상 1과목 필수,True,AND,GEN2052,
CIVIL,2026.0,2.0,B,2.0,[더미] 아래 5개 과목 중 성적 B(3.0) 이상 2과목 또는 A(4.0) 이상 1과목 필수,True,AND,GEN2053,
CIVIL,2026.0,2.0,B,2.0,[더미] 아래 5개 과목 중 성적 B(3.0) 이상 2과목 또는 A(4.0) 이상 1과목 필수,True,AND,GEN0064,
CIVIL,2026.0,2.0,B,2.0,[더미] 아래 5개 과목 중 성적 B(3.0) 이상 2과목 또는 A(4.0) 이상 1과목 필수,True,AND,GEN0066,
TRANS,2026.0,1.0,A,1.0,[더미] 아래 5개 과목 중 성적 B(3.0) 이상 2과목 또는 A(4.0) 이상 1과목 필수,True,AND,GEN0063,
TRANS,2026.0,1.0,A,1.0,[더미] 아래 5개 과목 중 성적 B(3.0) 이상 2과목 또는 A(4.0) 이상 1과목 필수,True,AND,GEN2052,
TRANS,2026.0,1.0,A,1.0,[더미] 아래 5개 과목 중 성적 B(3.0) 이상 2과목 또는 A(4.0) 이상 1과목 필수,True,AND,GEN2053,
TRANS,2026.0,1.0,A,1.0,[더미] 아래 5개 과목 중 성적 B(3.0) 이상 2과목 또는 A(4.0) 이상 1과목 필수,True,AND,GEN0064,
TRANS,2026.0,1.0,A,1.0,[더미] 아래 5개 과목 중 성적 B(3.0) 이상 2과목 또는 A(4.0) 이상 1과목 필수,True,AND,GEN0066,
TRANS,2026.0,2.0,B,2.0,[더미] 아래 5개 과목 중 성적 B(3.0) 이상 2과목 또는 A(4.0) 이상 1과목 필수,True,AND,GEN0063,
TRANS,2026.0,2.0,B,2.0,[더미] 아래 5개 과목 중 성적 B(3.0) 이상 2과목 또는 A(4.0) 이상 1과목 필수,True,AND,GEN2052,
TRANS,2026.0,2.0,B,2.0,[더미] 아래 5개 과목 중 성적 B(3.0) 이상 2과목 또는 A(4.0) 이상 1과목 필수,True,AND,GEN2053,
TRANS,2026.0,2.0,B,2.0,[더미] 아래 5개 과목 중 성적 B(3.0) 이상 2과목 또는 A(4.0) 이상 1과목 필수,True,AND,GEN0064,
TRANS,2026.0,2.0,B,2.0,[더미] 아래 5개 과목 중 성적 B(3.0) 이상 2과목 또는 A(4.0) 이상 1과목 필수,True,AND,GEN0066,
ELEC,,,,,,,,,일반물리학1
ELEC,,,,,,,,,미분적분학1
ELEC,,,,,,,,,미분적분학2
MECH,2026.0,1.0,A,1.0,[더미] 아래 5개 과목 중 성적 B(3.0) 이상 2과목 또는 A(4.0) 이상 1과목 필수,True,AND,GEN0063,
MECH,2026.0,1.0,A,1.0,[더미] 아래 5개 과목 중 성적 B(3.0) 이상 2과목 또는 A(4.0) 이상 1과목 필수,True,AND,GEN2052,
MECH,2026.0,1.0,A,1.0,[더미] 아래 5개 과목 중 성적 B(3.0) 이상 2과목 또는 A(4.0) 이상 1과목 필수,True,AND,GEN2053,
MECH,2026.0,1.0,A,1.0,[더미] 아래 5개 과목 중 성적 B(3.0) 이상 2과목 또는 A(4.0) 이상 1과목 필수,True,AND,GEN0064,
MECH,2026.0,1.0,A,1.0,[더미] 아래 5개 과목 중 성적 B(3.0) 이상 2과목 또는 A(4.0) 이상 1과목 필수,True,AND,GEN0066,
MECH,2026.0,2.0,B,2.0,[더미] 아래 5개 과목 중 성적 B(3.0) 이상 2과목 또는 A(4.0) 이상 1과목 필수,True,AND,GEN0063,
MECH,2026.0,2.0,B,2.0,[더미] 아래 5개 과목 중 성적 B(3.0) 이상 2과목 또는 A(4.0) 이상 1과목 필수,True,AND,GEN2052,
MECH,2026.0,2.0,B,2.0,[더미] 아래 5개 과목 중 성적 B(3.0) 이상 2과목 또는 A(4.0) 이상 1과목 필수,True,AND,GEN2053,
MECH,2026.0,2.0,B,2.0,[더미] 아래 5개 과목 중 성적 B(3.0) 이상 2과목 또는 A(4.0) 이상 1과목 필수,True,AND,GEN0064,
MECH,2026.0,2.0,B,2.0,[더미] 아래 5개 과목 중 성적 B(3.0) 이상 2과목 또는 A(4.0) 이상 1과목 필수,True,AND,GEN0066,
MECH,,,,,,,,,일반물리학1
MECH,,,,,,,,,미분적분학1
MECH,,,,,,,,,미분적분학2
BATT,2026.0,1.0,A,1.0,[더미] 아래 5개 과목 중 성적 B(3.0) 이상 2과목 또는 A(4.0) 이상 1과목 필수,True,AND,GEN0063,
BATT,2026.0,1.0,A,1.0,[더미] 아래 5개 과목 중 성적 B(3.0) 이상 2과목 또는 A(4.0) 이상 1과목 필수,True,AND,GEN2052,
BATT,2026.0,1.0,A,1.0,[더미] 아래 5개 과목 중 성적 B(3.0) 이상 2과목 또는 A(4.0) 이상 1과목 필수,True,AND,GEN2053,
BATT,2026.0,1.0,A,1.0,[더미] 아래 5개 과목 중 성적 B(3.0) 이상 2과목 또는 A(4.0) 이상 1과목 필수,True,AND,GEN0064,
BATT,2026.0,1.0,A,1.0,[더미] 아래 5개 과목 중 성적 B(3.0) 이상 2과목 또는 A(4.0) 이상 1과목 필수,True,AND,GEN0066,
BATT,2026.0,2.0,B,2.0,[더미] 아래 5개 과목 중 성적 B(3.0) 이상 2과목 또는 A(4.0) 이상 1과목 필수,True,AND,GEN0063,
BATT,2026.0,2.0,B,2.0,[더미] 아래 5개 과목 중 성적 B(3.0) 이상 2과목 또는 A(4.0) 이상 1과목 필수,True,AND,GEN2052,
BATT,2026.0,2.0,B,2.0,[더미] 아래 5개 과목 중 성적 B(3.0) 이상 2과목 또는 A(4.0) 이상 1과목 필수,True,AND,GEN2053,
BATT,2026.0,2.0,B,2.0,[더미] 아래 5개 과목 중 성적 B(3.0) 이상 2과목 또는 A(4.0) 이상 1과목 필수,True,AND,GEN0064,
BATT,2026.0,2.0,B,2.0,[더미] 아래 5개 과목 중 성적 B(3.0) 이상 2과목 또는 A(4.0) 이상 1과목 필수,True,AND,GEN0066,
BATT,,,,,,,,,일반물리학1
BATT,,,,,,,,,미분적분학1
BATT,,,,,,,,,미분적분학2
ROBOT,2026.0,1.0,A,1.0,[더미] 아래 5개 과목 중 성적 B(3.0) 이상 2과목 또는 A(4.0) 이상 1과목 필수,True,AND,GEN0063,
ROBOT,2026.0,1.0,A,1.0,[더미] 아래 5개 과목 중 성적 B(3.0) 이상 2과목 또는 A(4.0) 이상 1과목 필수,True,AND,GEN2052,
ROBOT,2026.0,1.0,A,1.0,[더미] 아래 5개 과목 중 성적 B(3.0) 이상 2과목 또는 A(4.0) 이상 1과목 필수,True,AND,GEN2053,
ROBOT,2026.0,1.0,A,1.0,[더미] 아래 5개 과목 중 성적 B(3.0) 이상 2과목 또는 A(4.0) 이상 1과목 필수,True,AND,GEN0064,
ROBOT,2026.0,1.0,A,1.0,[더미] 아래 5개 과목 중 성적 B(3.0) 이상 2과목 또는 A(4.0) 이상 1과목 필수,True,AND,GEN0066,
ROBOT,2026.0,2.0,B,2.0,[더미] 아래 5개 과목 중 성적 B(3.0) 이상 2과목 또는 A(4.0) 이상 1과목 필수,True,AND,GEN0063,
ROBOT,2026.0,2.0,B,2.0,[더미] 아래 5개 과목 중 성적 B(3.0) 이상 2과목 또는 A(4.0) 이상 1과목 필수,True,AND,GEN2052,
ROBOT,2026.0,2.0,B,2.0,[더미] 아래 5개 과목 중 성적 B(3.0) 이상 2과목 또는 A(4.0) 이상 1과목 필수,True,AND,GEN2053,
ROBOT,2026.0,2.0,B,2.0,[더미] 아래 5개 과목 중 성적 B(3.0) 이상 2과목 또는 A(4.0) 이상 1과목 필수,True,AND,GEN0064,
ROBOT,2026.0,2.0,B,2.0,[더미] 아래 5개 과목 중 성적 B(3.0) 이상 2과목 또는 A(4.0) 이상 1과목 필수,True,AND,GEN0066,
ROBOT,,,,,,,,,일반물리학1
ROBOT,,,,,,,,,미분적분학1
ROBOT,,,,,,,,,미분적분학2
ENERGY,2026.0,1.0,A,1.0,[더미] 아래 5개 과목 중 성적 B(3.0) 이상 2과목 또는 A(4.0) 이상 1과목 필수,True,AND,GEN0063,
ENERGY,2026.0,1.0,A,1.0,[더미] 아래 5개 과목 중 성적 B(3.0) 이상 2과목 또는 A(4.0) 이상 1과목 필수,True,AND,GEN2052,
ENERGY,2026.0,1.0,A,1.0,[더미] 아래 5개 과목 중 성적 B(3.0) 이상 2과목 또는 A(4.0) 이상 1과목 필수,True,AND,GEN2053,
ENERGY,2026.0,1.0,A,1.0,[더미] 아래 5개 과목 중 성적 B(3.0) 이상 2과목 또는 A(4.0) 이상 1과목 필수,True,AND,GEN0064,
ENERGY,2026.0,1.0,A,1.0,[더미] 아래 5개 과목 중 성적 B(3.0) 이상 2과목 또는 A(4.0) 이상 1과목 필수,True,AND,GEN0066,
ENERGY,2026.0,2.0,B,2.0,[더미] 아래 5개 과목 중 성적 B(3.0) 이상 2과목 또는 A(4.0) 이상 1과목 필수,True,AND,GEN0063,
ENERGY,2026.0,2.0,B,2.0,[더미] 아래 5개 과목 중 성적 B(3.0) 이상 2과목 또는 A(4.0) 이상 1과목 필수,True,AND,GEN2052,
ENERGY,2026.0,2.0,B,2.0,[더미] 아래 5개 과목 중 성적 B(3.0) 이상 2과목 또는 A(4.0) 이상 1과목 필수,True,AND,GEN2053,
ENERGY,2026.0,2.0,B,2.0,[더미] 아래 5개 과목 중 성적 B(3.0) 이상 2과목 또는 A(4.0) 이상 1과목 필수,True,AND,GEN0064,
ENERGY,2026.0,2.0,B,2.0,[더미] 아래 5개 과목 중 성적 B(3.0) 이상 2과목 또는 A(4.0) 이상 1과목 필수,True,AND,GEN0066,
ENERGY,,,,,,,,,일반물리학1
ENERGY,,,,,,,,,미분적분학1
ENERGY,,,,,,,,,미분적분학2
OCEAN,2026.0,1.0,A,1.0,[더미] 아래 5개 과목 중 성적 B(3.0) 이상 2과목 또는 A(4.0) 이상 1과목 필수,True,AND,GEN0063,
OCEAN,2026.0,1.0,A,1.0,[더미] 아래 5개 과목 중 성적 B(3.0) 이상 2과목 또는 A(4.0) 이상 1과목 필수,True,AND,GEN2052,
OCEAN,2026.0,1.0,A,1.0,[더미] 아래 5개 과목 중 성적 B(3.0) 이상 2과목 또는 A(4.0) 이상 1과목 필수,True,AND,GEN2053,
OCEAN,2026.0,1.0,A,1.0,[더미] 아래 5개 과목 중 성적 B(3.0) 이상 2과목 또는 A(4.0) 이상 1과목 필수,True,AND,GEN0064,
OCEAN,2026.0,1.0,A,1.0,[더미] 아래 5개 과목 중 성적 B(3.0) 이상 2과목 또는 A(4.0) 이상 1과목 필수,True,AND,GEN0068,
OCEAN,2026.0,2.0,B,2.0,[더미] 아래 5개 과목 중 성적 B(3.0) 이상 2과목 또는 A(4.0) 이상 1과목 필수,True,AND,GEN0063,
OCEAN,2026.0,2.0,B,2.0,[더미] 아래 5개 과목 중 성적 B(3.0) 이상 2과목 또는 A(4.0) 이상 1과목 필수,True,AND,GEN2052,
OCEAN,2026.0,2.0,B,2.0,[더미] 아래 5개 과목 중 성적 B(3.0) 이상 2과목 또는 A(4.0) 이상 1과목 필수,True,AND,GEN2053,
OCEAN,2026.0,2.0,B,2.0,[더미] 아래 5개 과목 중 성적 B(3.0) 이상 2과목 또는 A(4.0) 이상 1과목 필수,True,AND,GEN0064,
OCEAN,2026.0,2.0,B,2.0,[더미] 아래 5개 과목 중 성적 B(3.0) 이상 2과목 또는 A(4.0) 이상 1과목 필수,True,AND,GEN0068,
OCEAN,,,,,,,,,일반물리학1
OCEAN,,,,,,,,,미분적분학1
OCEAN,,,,,,,,,미분적분학2
CS_CS,2026.0,1.0,A,1.0,[더미] 아래 4개 과목 중 성적 B(3.0) 이상 2과목 또는 A(4.0) 이상 1과목 필수,True,AND,GEN2052,
CS_CS,2026.0,1.0,A,1.0,[더미] 아래 4개 과목 중 성적 B(3.0) 이상 2과목 또는 A(4.0) 이상 1과목 필수,True,AND,CSE1017,
CS_CS,2026.0,1.0,A,1.0,[더미] 아래 4개 과목 중 성적 B(3.0) 이상 2과목 또는 A(4.0) 이상 1과목 필수,True,AND,MAT2020,
CS_CS,2026.0,1.0,A,1.0,[더미] 아래 4개 과목 중 성적 B(3.0) 이상 2과목 또는 A(4.0) 이상 1과목 필수,True,AND,CSE1021,
CS_CS,2026.0,2.0,B,2.0,[더미] 아래 4개 과목 중 성적 B(3.0) 이상 2과목 또는 A(4.0) 이상 1과목 필수,True,AND,GEN2052,
CS_CS,2026.0,2.0,B,2.0,[더미] 아래 4개 과목 중 성적 B(3.0) 이상 2과목 또는 A(4.0) 이상 1과목 필수,True,AND,CSE1017,
CS_CS,2026.0,2.0,B,2.0,[더미] 아래 4개 과목 중 성적 B(3.0) 이상 2과목 또는 A(4.0) 이상 1과목 필수,True,AND,MAT2020,
CS_CS,2026.0,2.0,B,2.0,[더미] 아래 4개 과목 중 성적 B(3.0) 이상 2과목 또는 A(4.0) 이상 1과목 필수,True,AND,CSE1021,
ICT,2026.0,1.0,A,1.0,[더미] 아래 4개 과목 중 성적 B(3.0) 이상 2과목 또는 A(4.0) 이상 1과목 필수 (교육과정 차용: 컴퓨터학부),True,AND,GEN2052,
ICT,2026.0,1.0,A,1.0,[더미] 아래 4개 과목 중 성적 B(3.0) 이상 2과목 또는 A(4.0) 이상 1과목 필수 (교육과정 차용: 컴퓨터학부),True,AND,CSE1017,
ICT,2026.0,1.0,A,1.0,[더미] 아래 4개 과목 중 성적 B(3.0) 이상 2과목 또는 A(4.0) 이상 1과목 필수 (교육과정 차용: 컴퓨터학부),True,AND,MAT2020,
ICT,2026.0,1.0,A,1.0,[더미] 아래 4개 과목 중 성적 B(3.0) 이상 2과목 또는 A(4.0) 이상 1과목 필수 (교육과정 차용: 컴퓨터학부),True,AND,CSE1021,
ICT,2026.0,2.0,B,2.0,[더미] 아래 4개 과목 중 성적 B(3.0) 이상 2과목 또는 A(4.0) 이상 1과목 필수 (교육과정 차용: 컴퓨터학부),True,AND,GEN2052,
ICT,2026.0,2.0,B,2.0,[더미] 아래 4개 과목 중 성적 B(3.0) 이상 2과목 또는 A(4.0) 이상 1과목 필수 (교육과정 차용: 컴퓨터학부),True,AND,CSE1017,
ICT,2026.0,2.0,B,2.0,[더미] 아래 4개 과목 중 성적 B(3.0) 이상 2과목 또는 A(4.0) 이상 1과목 필수 (교육과정 차용: 컴퓨터학부),True,AND,MAT2020,
ICT,2026.0,2.0,B,2.0,[더미] 아래 4개 과목 중 성적 B(3.0) 이상 2과목 또는 A(4.0) 이상 1과목 필수 (교육과정 차용: 컴퓨터학부),True,AND,CSE1021,
ICT,,,,,,,,,미분적분학1
ICT,,,,,,,,,프로그래밍기초
ICT,,,,,,,,,이산수학
CS_CLOUD,2026.0,1.0,A,1.0,[더미] 아래 4개 과목 중 성적 B(3.0) 이상 2과목 또는 A(4.0) 이상 1과목 필수 (교육과정 차용: 컴퓨터학부),True,AND,GEN2052,
CS_CLOUD,2026.0,1.0,A,1.0,[더미] 아래 4개 과목 중 성적 B(3.0) 이상 2과목 또는 A(4.0) 이상 1과목 필수 (교육과정 차용: 컴퓨터학부),True,AND,CSE1017,
CS_CLOUD,2026.0,1.0,A,1.0,[더미] 아래 4개 과목 중 성적 B(3.0) 이상 2과목 또는 A(4.0) 이상 1과목 필수 (교육과정 차용: 컴퓨터학부),True,AND,MAT2020,
CS_CLOUD,2026.0,1.0,A,1.0,[더미] 아래 4개 과목 중 성적 B(3.0) 이상 2과목 또는 A(4.0) 이상 1과목 필수 (교육과정 차용: 컴퓨터학부),True,AND,CSE1021,
CS_CLOUD,2026.0,2.0,B,2.0,[더미] 아래 4개 과목 중 성적 B(3.0) 이상 2과목 또는 A(4.0) 이상 1과목 필수 (교육과정 차용: 컴퓨터학부),True,AND,GEN2052,
CS_CLOUD,2026.0,2.0,B,2.0,[더미] 아래 4개 과목 중 성적 B(3.0) 이상 2과목 또는 A(4.0) 이상 1과목 필수 (교육과정 차용: 컴퓨터학부),True,AND,CSE1017,
CS_CLOUD,2026.0,2.0,B,2.0,[더미] 아래 4개 과목 중 성적 B(3.0) 이상 2과목 또는 A(4.0) 이상 1과목 필수 (교육과정 차용: 컴퓨터학부),True,AND,MAT2020,
CS_CLOUD,2026.0,2.0,B,2.0,[더미] 아래 4개 과목 중 성적 B(3.0) 이상 2과목 또는 A(4.0) 이상 1과목 필수 (교육과정 차용: 컴퓨터학부),True,AND,CSE1021,
CS_CLOUD,,,,,,,,,미분적분학1
CS_CLOUD,,,,,,,,,프로그래밍기초
CS_CLOUD,,,,,,,,,이산수학
ICT_DATA,2026.0,1.0,A,1.0,[더미] 아래 5개 과목 중 성적 B(3.0) 이상 2과목 또는 A(4.0) 이상 1과목 필수,True,AND,GEN0063,
ICT_DATA,2026.0,1.0,A,1.0,[더미] 아래 5개 과목 중 성적 B(3.0) 이상 2과목 또는 A(4.0) 이상 1과목 필수,True,AND,GEN2052,
ICT_DATA,2026.0,1.0,A,1.0,[더미] 아래 5개 과목 중 성적 B(3.0) 이상 2과목 또는 A(4.0) 이상 1과목 필수,True,AND,CSE1017,
ICT_DATA,2026.0,1.0,A,1.0,[더미] 아래 5개 과목 중 성적 B(3.0) 이상 2과목 또는 A(4.0) 이상 1과목 필수,True,AND,CSE1007,
ICT_DATA,2026.0,1.0,A,1.0,[더미] 아래 5개 과목 중 성적 B(3.0) 이상 2과목 또는 A(4.0) 이상 1과목 필수,True,AND,CSE2010,
ICT_DATA,2026.0,2.0,B,2.0,[더미] 아래 5개 과목 중 성적 B(3.0) 이상 2과목 또는 A(4.0) 이상 1과목 필수,True,AND,GEN0063,
ICT_DATA,2026.0,2.0,B,2.0,[더미] 아래 5개 과목 중 성적 B(3.0) 이상 2과목 또는 A(4.0) 이상 1과목 필수,True,AND,GEN2052,
ICT_DATA,2026.0,2.0,B,2.0,[더미] 아래 5개 과목 중 성적 B(3.0) 이상 2과목 또는 A(4.0) 이상 1과목 필수,True,AND,CSE1017,
ICT_DATA,2026.0,2.0,B,2.0,[더미] 아래 5개 과목 중 성적 B(3.0) 이상 2과목 또는 A(4.0) 이상 1과목 필수,True,AND,CSE1007,
ICT_DATA,2026.0,2.0,B,2.0,[더미] 아래 5개 과목 중 성적 B(3.0) 이상 2과목 또는 A(4.0) 이상 1과목 필수,True,AND,CSE2010,
ICT_DATA,,,,,,,,,일반물리학1
ICT_DATA,,,,,,,,,미분적분학1
ICT_DATA,,,,,,,,,프로그래밍기초
ICT_DESIGN,2026.0,1.0,A,1.0,[더미] 아래 5개 과목 중 성적 B(3.0) 이상 2과목 또는 A(4.0) 이상 1과목 필수 (교육과정 차용: 데이터인텔리전스전공),True,AND,GEN0063,
ICT_DESIGN,2026.0,1.0,A,1.0,[더미] 아래 5개 과목 중 성적 B(3.0) 이상 2과목 또는 A(4.0) 이상 1과목 필수 (교육과정 차용: 데이터인텔리전스전공),True,AND,GEN2052,
ICT_DESIGN,2026.0,1.0,A,1.0,[더미] 아래 5개 과목 중 성적 B(3.0) 이상 2과목 또는 A(4.0) 이상 1과목 필수 (교육과정 차용: 데이터인텔리전스전공),True,AND,CSE1017,
ICT_DESIGN,2026.0,1.0,A,1.0,[더미] 아래 5개 과목 중 성적 B(3.0) 이상 2과목 또는 A(4.0) 이상 1과목 필수 (교육과정 차용: 데이터인텔리전스전공),True,AND,CSE1007,
ICT_DESIGN,2026.0,1.0,A,1.0,[더미] 아래 5개 과목 중 성적 B(3.0) 이상 2과목 또는 A(4.0) 이상 1과목 필수 (교육과정 차용: 데이터인텔리전스전공),True,AND,CSE2010,
ICT_DESIGN,2026.0,2.0,B,2.0,[더미] 아래 5개 과목 중 성적 B(3.0) 이상 2과목 또는 A(4.0) 이상 1과목 필수 (교육과정 차용: 데이터인텔리전스전공),True,AND,GEN0063,
ICT_DESIGN,2026.0,2.0,B,2.0,[더미] 아래 5개 과목 중 성적 B(3.0) 이상 2과목 또는 A(4.0) 이상 1과목 필수 (교육과정 차용: 데이터인텔리전스전공),True,AND,GEN2052,
ICT_DESIGN,2026.0,2.0,B,2.0,[더미] 아래 5개 과목 중 성적 B(3.0) 이상 2과목 또는 A(4.0) 이상 1과목 필수 (교육과정 차용: 데이터인텔리전스전공),True,AND,CSE1017,
ICT_DESIGN,2026.0,2.0,B,2.0,[더미] 아래 5개 과목 중 성적 B(3.0) 이상 2과목 또는 A(4.0) 이상 1과목 필수 (교육과정 차용: 데이터인텔리전스전공),True,AND,CSE1007,
ICT_DESIGN,2026.0,2.0,B,2.0,[더미] 아래 5개 과목 중 성적 B(3.0) 이상 2과목 또는 A(4.0) 이상 1과목 필수 (교육과정 차용: 데이터인텔리전스전공),True,AND,CSE2010,
ICT_DESIGN,,,,,,,,,일반물리학1
ICT_DESIGN,,,,,,,,,미분적분학1
ICT_DESIGN,,,,,,,,,프로그래밍기초
AI,2026.0,1.0,A,1.0,[더미] 아래 5개 과목 중 성적 B(3.0) 이상 2과목 또는 A(4.0) 이상 1과목 필수,True,AND,GEN0063,
AI,2026.0,1.0,A,1.0,[더미] 아래 5개 과목 중 성적 B(3.0) 이상 2과목 또는 A(4.0) 이상 1과목 필수,True,AND,GEN2052,
AI,2026.0,1.0,A,1.0,[더미] 아래 5개 과목 중 성적 B(3.0) 이상 2과목 또는 A(4.0) 이상 1과목 필수,True,AND,CSE1017,
AI,2026.0,1.0,A,1.0,[더미] 아래 5개 과목 중 성적 B(3.0) 이상 2과목 또는 A(4.0) 이상 1과목 필수,True,AND,ELE3037,
AI,2026.0,1.0,A,1.0,[더미] 아래 5개 과목 중 성적 B(3.0) 이상 2과목 또는 A(4.0) 이상 1과목 필수,True,AND,DAI1002,
AI,2026.0,2.0,B,2.0,[더미] 아래 5개 과목 중 성적 B(3.0) 이상 2과목 또는 A(4.0) 이상 1과목 필수,True,AND,GEN0063,
AI,2026.0,2.0,B,2.0,[더미] 아래 5개 과목 중 성적 B(3.0) 이상 2과목 또는 A(4.0) 이상 1과목 필수,True,AND,GEN2052,
AI,2026.0,2.0,B,2.0,[더미] 아래 5개 과목 중 성적 B(3.0) 이상 2과목 또는 A(4.0) 이상 1과목 필수,True,AND,CSE1017,
AI,2026.0,2.0,B,2.0,[더미] 아래 5개 과목 중 성적 B(3.0) 이상 2과목 또는 A(4.0) 이상 1과목 필수,True,AND,ELE3037,
AI,2026.0,2.0,B,2.0,[더미] 아래 5개 과목 중 성적 B(3.0) 이상 2과목 또는 A(4.0) 이상 1과목 필수,True,AND,DAI1002,
MATH_DS,2026.0,1.0,A,1.0,[더미] 아래 5개 과목 중 성적 B(3.0) 이상 2과목 또는 A(4.0) 이상 1과목 필수,True,AND,GEN0063,
MATH_DS,2026.0,1.0,A,1.0,[더미] 아래 5개 과목 중 성적 B(3.0) 이상 2과목 또는 A(4.0) 이상 1과목 필수,True,AND,GEN2052,
MATH_DS,2026.0,1.0,A,1.0,[더미] 아래 5개 과목 중 성적 B(3.0) 이상 2과목 또는 A(4.0) 이상 1과목 필수,True,AND,GEN2053,
MATH_DS,2026.0,1.0,A,1.0,[더미] 아래 5개 과목 중 성적 B(3.0) 이상 2과목 또는 A(4.0) 이상 1과목 필수,True,AND,GEN0064,
MATH_DS,2026.0,1.0,A,1.0,[더미] 아래 5개 과목 중 성적 B(3.0) 이상 2과목 또는 A(4.0) 이상 1과목 필수,True,AND,MAT1002,
MATH_DS,2026.0,2.0,B,2.0,[더미] 아래 5개 과목 중 성적 B(3.0) 이상 2과목 또는 A(4.0) 이상 1과목 필수,True,AND,GEN0063,
MATH_DS,2026.0,2.0,B,2.0,[더미] 아래 5개 과목 중 성적 B(3.0) 이상 2과목 또는 A(4.0) 이상 1과목 필수,True,AND,GEN2052,
MATH_DS,2026.0,2.0,B,2.0,[더미] 아래 5개 과목 중 성적 B(3.0) 이상 2과목 또는 A(4.0) 이상 1과목 필수,True,AND,GEN2053,
MATH_DS,2026.0,2.0,B,2.0,[더미] 아래 5개 과목 중 성적 B(3.0) 이상 2과목 또는 A(4.0) 이상 1과목 필수,True,AND,GEN0064,
MATH_DS,2026.0,2.0,B,2.0,[더미] 아래 5개 과목 중 성적 B(3.0) 이상 2과목 또는 A(4.0) 이상 1과목 필수,True,AND,MAT1002,
MATH_DS,,,,,,,,,일반물리학1
MATH_DS,,,,,,,,,미분적분학1
MATH_DS,,,,,,,,,미분적분학2
SEMI,2026.0,1.0,A,1.0,[더미] 아래 5개 과목 중 성적 B(3.0) 이상 2과목 또는 A(4.0) 이상 1과목 필수,True,AND,GEN0063,
SEMI,2026.0,1.0,A,1.0,[더미] 아래 5개 과목 중 성적 B(3.0) 이상 2과목 또는 A(4.0) 이상 1과목 필수,True,AND,GEN2052,
SEMI,2026.0,1.0,A,1.0,[더미] 아래 5개 과목 중 성적 B(3.0) 이상 2과목 또는 A(4.0) 이상 1과목 필수,True,AND,GEN2053,
SEMI,2026.0,1.0,A,1.0,[더미] 아래 5개 과목 중 성적 B(3.0) 이상 2과목 또는 A(4.0) 이상 1과목 필수,True,AND,GEN0064,
SEMI,2026.0,1.0,A,1.0,[더미] 아래 5개 과목 중 성적 B(3.0) 이상 2과목 또는 A(4.0) 이상 1과목 필수,True,AND,GEN0066,
SEMI,2026.0,2.0,B,2.0,[더미] 아래 5개 과목 중 성적 B(3.0) 이상 2과목 또는 A(4.0) 이상 1과목 필수,True,AND,GEN0063,
SEMI,2026.0,2.0,B,2.0,[더미] 아래 5개 과목 중 성적 B(3.0) 이상 2과목 또는 A(4.0) 이상 1과목 필수,True,AND,GEN2052,
SEMI,2026.0,2.0,B,2.0,[더미] 아래 5개 과목 중 성적 B(3.0) 이상 2과목 또는 A(4.0) 이상 1과목 필수,True,AND,GEN2053,
SEMI,2026.0,2.0,B,2.0,[더미] 아래 5개 과목 중 성적 B(3.0) 이상 2과목 또는 A(4.0) 이상 1과목 필수,True,AND,GEN0064,
SEMI,2026.0,2.0,B,2.0,[더미] 아래 5개 과목 중 성적 B(3.0) 이상 2과목 또는 A(4.0) 이상 1과목 필수,True,AND,GEN0066,
SEMI,,,,,,,,,일반물리학1
SEMI,,,,,,,,,미분적분학1
SEMI,,,,,,,,,미분적분학2
SEMI_MAT,2026.0,1.0,A,1.0,[더미] 아래 5개 과목 중 성적 B(3.0) 이상 2과목 또는 A(4.0) 이상 1과목 필수 (교육과정 차용: 차세대반도체융합공학부),True,AND,GEN0063,
SEMI_MAT,2026.0,1.0,A,1.0,[더미] 아래 5개 과목 중 성적 B(3.0) 이상 2과목 또는 A(4.0) 이상 1과목 필수 (교육과정 차용: 차세대반도체융합공학부),True,AND,GEN2052,
SEMI_MAT,2026.0,1.0,A,1.0,[더미] 아래 5개 과목 중 성적 B(3.0) 이상 2과목 또는 A(4.0) 이상 1과목 필수 (교육과정 차용: 차세대반도체융합공학부),True,AND,GEN2053,
SEMI_MAT,2026.0,1.0,A,1.0,[더미] 아래 5개 과목 중 성적 B(3.0) 이상 2과목 또는 A(4.0) 이상 1과목 필수 (교육과정 차용: 차세대반도체융합공학부),True,AND,GEN0064,
SEMI_MAT,2026.0,1.0,A,1.0,[더미] 아래 5개 과목 중 성적 B(3.0) 이상 2과목 또는 A(4.0) 이상 1과목 필수 (교육과정 차용: 차세대반도체융합공학부),True,AND,GEN0066,
SEMI_MAT,2026.0,2.0,B,2.0,[더미] 아래 5개 과목 중 성적 B(3.0) 이상 2과목 또는 A(4.0) 이상 1과목 필수 (교육과정 차용: 차세대반도체융합공학부),True,AND,GEN0063,
SEMI_MAT,2026.0,2.0,B,2.0,[더미] 아래 5개 과목 중 성적 B(3.0) 이상 2과목 또는 A(4.0) 이상 1과목 필수 (교육과정 차용: 차세대반도체융합공학부),True,AND,GEN2052,
SEMI_MAT,2026.0,2.0,B,2.0,[더미] 아래 5개 과목 중 성적 B(3.0) 이상 2과목 또는 A(4.0) 이상 1과목 필수 (교육과정 차용: 차세대반도체융합공학부),True,AND,GEN2053,
SEMI_MAT,2026.0,2.0,B,2.0,[더미] 아래 5개 과목 중 성적 B(3.0) 이상 2과목 또는 A(4.0) 이상 1과목 필수 (교육과정 차용: 차세대반도체융합공학부),True,AND,GEN0064,
SEMI_MAT,2026.0,2.0,B,2.0,[더미] 아래 5개 과목 중 성적 B(3.0) 이상 2과목 또는 A(4.0) 이상 1과목 필수 (교육과정 차용: 차세대반도체융합공학부),True,AND,GEN0066,
SEMI_MAT,,,,,,,,,일반물리학1
SEMI_MAT,,,,,,,,,미분적분학1
SEMI_MAT,,,,,,,,,미분적분학2
SEMI_DISP,2026.0,1.0,A,1.0,[더미] 아래 5개 과목 중 성적 B(3.0) 이상 2과목 또는 A(4.0) 이상 1과목 필수 (교육과정 차용: 차세대반도체융합공학부),True,AND,GEN0063,
SEMI_DISP,2026.0,1.0,A,1.0,[더미] 아래 5개 과목 중 성적 B(3.0) 이상 2과목 또는 A(4.0) 이상 1과목 필수 (교육과정 차용: 차세대반도체융합공학부),True,AND,GEN2052,
SEMI_DISP,2026.0,1.0,A,1.0,[더미] 아래 5개 과목 중 성적 B(3.0) 이상 2과목 또는 A(4.0) 이상 1과목 필수 (교육과정 차용: 차세대반도체융합공학부),True,AND,GEN2053,
SEMI_DISP,2026.0,1.0,A,1.0,[더미] 아래 5개 과목 중 성적 B(3.0) 이상 2과목 또는 A(4.0) 이상 1과목 필수 (교육과정 차용: 차세대반도체융합공학부),True,AND,GEN0064,
SEMI_DISP,2026.0,1.0,A,1.0,[더미] 아래 5개 과목 중 성적 B(3.0) 이상 2과목 또는 A(4.0) 이상 1과목 필수 (교육과정 차용: 차세대반도체융합공학부),True,AND,GEN0066,
SEMI_DISP,2026.0,2.0,B,2.0,[더미] 아래 5개 과목 중 성적 B(3.0) 이상 2과목 또는 A(4.0) 이상 1과목 필수 (교육과정 차용: 차세대반도체융합공학부),True,AND,GEN0063,
SEMI_DISP,2026.0,2.0,B,2.0,[더미] 아래 5개 과목 중 성적 B(3.0) 이상 2과목 또는 A(4.0) 이상 1과목 필수 (교육과정 차용: 차세대반도체융합공학부),True,AND,GEN2052,
SEMI_DISP,2026.0,2.0,B,2.0,[더미] 아래 5개 과목 중 성적 B(3.0) 이상 2과목 또는 A(4.0) 이상 1과목 필수 (교육과정 차용: 차세대반도체융합공학부),True,AND,GEN2053,
SEMI_DISP,2026.0,2.0,B,2.0,[더미] 아래 5개 과목 중 성적 B(3.0) 이상 2과목 또는 A(4.0) 이상 1과목 필수 (교육과정 차용: 차세대반도체융합공학부),True,AND,GEN0064,
SEMI_DISP,2026.0,2.0,B,2.0,[더미] 아래 5개 과목 중 성적 B(3.0) 이상 2과목 또는 A(4.0) 이상 1과목 필수 (교육과정 차용: 차세대반도체융합공학부),True,AND,GEN0066,
SEMI_DISP,,,,,,,,,일반물리학1
SEMI_DISP,,,,,,,,,미분적분학1
SEMI_DISP,,,,,,,,,미분적분학2
BIO,2026.0,1.0,A,1.0,[더미] 아래 5개 과목 중 성적 B(3.0) 이상 2과목 또는 A(4.0) 이상 1과목 필수,True,AND,GEN2053,
BIO,2026.0,1.0,A,1.0,[더미] 아래 5개 과목 중 성적 B(3.0) 이상 2과목 또는 A(4.0) 이상 1과목 필수,True,AND,GEN0068,
BIO,2026.0,1.0,A,1.0,[더미] 아래 5개 과목 중 성적 B(3.0) 이상 2과목 또는 A(4.0) 이상 1과목 필수,True,AND,GEN0069,
BIO,2026.0,1.0,A,1.0,[더미] 아래 5개 과목 중 성적 B(3.0) 이상 2과목 또는 A(4.0) 이상 1과목 필수,True,AND,GEN0070,
BIO,2026.0,1.0,A,1.0,[더미] 아래 5개 과목 중 성적 B(3.0) 이상 2과목 또는 A(4.0) 이상 1과목 필수,True,AND,GEN0071,
BIO,2026.0,2.0,B,2.0,[더미] 아래 5개 과목 중 성적 B(3.0) 이상 2과목 또는 A(4.0) 이상 1과목 필수,True,AND,GEN2053,
BIO,2026.0,2.0,B,2.0,[더미] 아래 5개 과목 중 성적 B(3.0) 이상 2과목 또는 A(4.0) 이상 1과목 필수,True,AND,GEN0068,
BIO,2026.0,2.0,B,2.0,[더미] 아래 5개 과목 중 성적 B(3.0) 이상 2과목 또는 A(4.0) 이상 1과목 필수,True,AND,GEN0069,
BIO,2026.0,2.0,B,2.0,[더미] 아래 5개 과목 중 성적 B(3.0) 이상 2과목 또는 A(4.0) 이상 1과목 필수,True,AND,GEN0070,
BIO,2026.0,2.0,B,2.0,[더미] 아래 5개 과목 중 성적 B(3.0) 이상 2과목 또는 A(4.0) 이상 1과목 필수,True,AND,GEN0071,
BIO,,,,,,,,,미분적분학2
BIO,,,,,,,,,일반화학1
BIO,,,,,,,,,일반화학2
BIO_NANO,2026.0,1.0,A,1.0,[더미] 아래 5개 과목 중 성적 B(3.0) 이상 2과목 또는 A(4.0) 이상 1과목 필수 (교육과정 차용: 바이오신약융합학부),True,AND,GEN2053,
BIO_NANO,2026.0,1.0,A,1.0,[더미] 아래 5개 과목 중 성적 B(3.0) 이상 2과목 또는 A(4.0) 이상 1과목 필수 (교육과정 차용: 바이오신약융합학부),True,AND,GEN0068,
BIO_NANO,2026.0,1.0,A,1.0,[더미] 아래 5개 과목 중 성적 B(3.0) 이상 2과목 또는 A(4.0) 이상 1과목 필수 (교육과정 차용: 바이오신약융합학부),True,AND,GEN0069,
BIO_NANO,2026.0,1.0,A,1.0,[더미] 아래 5개 과목 중 성적 B(3.0) 이상 2과목 또는 A(4.0) 이상 1과목 필수 (교육과정 차용: 바이오신약융합학부),True,AND,GEN0070,
BIO_NANO,2026.0,1.0,A,1.0,[더미] 아래 5개 과목 중 성적 B(3.0) 이상 2과목 또는 A(4.0) 이상 1과목 필수 (교육과정 차용: 바이오신약융합학부),True,AND,GEN0071,
BIO_NANO,2026.0,2.0,B,2.0,[더미] 아래 5개 과목 중 성적 B(3.0) 이상 2과목 또는 A(4.0) 이상 1과목 필수 (교육과정 차용: 바이오신약융합학부),True,AND,GEN2053,
BIO_NANO,2026.0,2.0,B,2.0,[더미] 아래 5개 과목 중 성적 B(3.0) 이상 2과목 또는 A(4.0) 이상 1과목 필수 (교육과정 차용: 바이오신약융합학부),True,AND,GEN0068,
BIO_NANO,2026.0,2.0,B,2.0,[더미] 아래 5개 과목 중 성적 B(3.0) 이상 2과목 또는 A(4.0) 이상 1과목 필수 (교육과정 차용: 바이오신약융합학부),True,AND,GEN0069,
BIO_NANO,2026.0,2.0,B,2.0,[더미] 아래 5개 과목 중 성적 B(3.0) 이상 2과목 또는 A(4.0) 이상 1과목 필수 (교육과정 차용: 바이오신약융합학부),True,AND,GEN0070,
BIO_NANO,2026.0,2.0,B,2.0,[더미] 아래 5개 과목 중 성적 B(3.0) 이상 2과목 또는 A(4.0) 이상 1과목 필수 (교육과정 차용: 바이오신약융합학부),True,AND,GEN0071,
DEFENSE,2026.0,1.0,A,1.0,[더미] 아래 5개 과목 중 성적 B(3.0) 이상 2과목 또는 A(4.0) 이상 1과목 필수,True,AND,GEN0063,
DEFENSE,2026.0,1.0,A,1.0,[더미] 아래 5개 과목 중 성적 B(3.0) 이상 2과목 또는 A(4.0) 이상 1과목 필수,True,AND,GEN2053,
DEFENSE,2026.0,1.0,A,1.0,[더미] 아래 5개 과목 중 성적 B(3.0) 이상 2과목 또는 A(4.0) 이상 1과목 필수,True,AND,GEN0064,
DEFENSE,2026.0,1.0,A,1.0,[더미] 아래 5개 과목 중 성적 B(3.0) 이상 2과목 또는 A(4.0) 이상 1과목 필수,True,AND,GEN0066,
DEFENSE,2026.0,1.0,A,1.0,[더미] 아래 5개 과목 중 성적 B(3.0) 이상 2과목 또는 A(4.0) 이상 1과목 필수,True,AND,GEN0067,
DEFENSE,2026.0,2.0,B,2.0,[더미] 아래 5개 과목 중 성적 B(3.0) 이상 2과목 또는 A(4.0) 이상 1과목 필수,True,AND,GEN0063,
DEFENSE,2026.0,2.0,B,2.0,[더미] 아래 5개 과목 중 성적 B(3.0) 이상 2과목 또는 A(4.0) 이상 1과목 필수,True,AND,GEN2053,
DEFENSE,2026.0,2.0,B,2.0,[더미] 아래 5개 과목 중 성적 B(3.0) 이상 2과목 또는 A(4.0) 이상 1과목 필수,True,AND,GEN0064,
DEFENSE,2026.0,2.0,B,2.0,[더미] 아래 5개 과목 중 성적 B(3.0) 이상 2과목 또는 A(4.0) 이상 1과목 필수,True,AND,GEN0066,
DEFENSE,2026.0,2.0,B,2.0,[더미] 아래 5개 과목 중 성적 B(3.0) 이상 2과목 또는 A(4.0) 이상 1과목 필수,True,AND,GEN0067,
DEFENSE,,,,,,,,,일반물리학1
DEFENSE,,,,,,,,,미분적분학2
DEFENSE,,,,,,,,,일반물리학2
DEFENSE_QI,2026.0,1.0,A,1.0,[더미] 아래 5개 과목 중 성적 B(3.0) 이상 2과목 또는 A(4.0) 이상 1과목 필수 (교육과정 차용: 국방지능정보융합학부),True,AND,GEN0063,
DEFENSE_QI,2026.0,1.0,A,1.0,[더미] 아래 5개 과목 중 성적 B(3.0) 이상 2과목 또는 A(4.0) 이상 1과목 필수 (교육과정 차용: 국방지능정보융합학부),True,AND,GEN2053,
DEFENSE_QI,2026.0,1.0,A,1.0,[더미] 아래 5개 과목 중 성적 B(3.0) 이상 2과목 또는 A(4.0) 이상 1과목 필수 (교육과정 차용: 국방지능정보융합학부),True,AND,GEN0064,
DEFENSE_QI,2026.0,1.0,A,1.0,[더미] 아래 5개 과목 중 성적 B(3.0) 이상 2과목 또는 A(4.0) 이상 1과목 필수 (교육과정 차용: 국방지능정보융합학부),True,AND,GEN0066,
DEFENSE_QI,2026.0,1.0,A,1.0,[더미] 아래 5개 과목 중 성적 B(3.0) 이상 2과목 또는 A(4.0) 이상 1과목 필수 (교육과정 차용: 국방지능정보융합학부),True,AND,GEN0067,
DEFENSE_QI,2026.0,2.0,B,2.0,[더미] 아래 5개 과목 중 성적 B(3.0) 이상 2과목 또는 A(4.0) 이상 1과목 필수 (교육과정 차용: 국방지능정보융합학부),True,AND,GEN0063,
DEFENSE_QI,2026.0,2.0,B,2.0,[더미] 아래 5개 과목 중 성적 B(3.0) 이상 2과목 또는 A(4.0) 이상 1과목 필수 (교육과정 차용: 국방지능정보융합학부),True,AND,GEN2053,
DEFENSE_QI,2026.0,2.0,B,2.0,[더미] 아래 5개 과목 중 성적 B(3.0) 이상 2과목 또는 A(4.0) 이상 1과목 필수 (교육과정 차용: 국방지능정보융합학부),True,AND,GEN0064,
DEFENSE_QI,2026.0,2.0,B,2.0,[더미] 아래 5개 과목 중 성적 B(3.0) 이상 2과목 또는 A(4.0) 이상 1과목 필수 (교육과정 차용: 국방지능정보융합학부),True,AND,GEN0066,
DEFENSE_QI,2026.0,2.0,B,2.0,[더미] 아래 5개 과목 중 성적 B(3.0) 이상 2과목 또는 A(4.0) 이상 1과목 필수 (교육과정 차용: 국방지능정보융합학부),True,AND,GEN0067,
DEFENSE_QI,,,,,,,,,일반물리학1
DEFENSE_QI,,,,,,,,,미분적분학2
DEFENSE_QI,,,,,,,,,일반물리학2
BUS,2026.0,1.0,A,1.0,[더미] 아래 4개 과목 중 성적 B(3.0) 이상 2과목 또는 A(4.0) 이상 1과목 필수,True,AND,GEN0059,
BUS,2026.0,1.0,A,1.0,[더미] 아래 4개 과목 중 성적 B(3.0) 이상 2과목 또는 A(4.0) 이상 1과목 필수,True,AND,GEN0044,
BUS,2026.0,1.0,A,1.0,[더미] 아래 4개 과목 중 성적 B(3.0) 이상 2과목 또는 A(4.0) 이상 1과목 필수,True,AND,BUS1010,
BUS,2026.0,1.0,A,1.0,[더미] 아래 4개 과목 중 성적 B(3.0) 이상 2과목 또는 A(4.0) 이상 1과목 필수,True,AND,BUS1005,
BUS,2026.0,2.0,B,2.0,[더미] 아래 4개 과목 중 성적 B(3.0) 이상 2과목 또는 A(4.0) 이상 1과목 필수,True,AND,GEN0059,
BUS,2026.0,2.0,B,2.0,[더미] 아래 4개 과목 중 성적 B(3.0) 이상 2과목 또는 A(4.0) 이상 1과목 필수,True,AND,GEN0044,
BUS,2026.0,2.0,B,2.0,[더미] 아래 4개 과목 중 성적 B(3.0) 이상 2과목 또는 A(4.0) 이상 1과목 필수,True,AND,BUS1010,
BUS,2026.0,2.0,B,2.0,[더미] 아래 4개 과목 중 성적 B(3.0) 이상 2과목 또는 A(4.0) 이상 1과목 필수,True,AND,BUS1005,
ECON,2026.0,1.0,A,1.0,[더미] 아래 4개 과목 중 성적 B(3.0) 이상 2과목 또는 A(4.0) 이상 1과목 필수,True,AND,GEN0059,
ECON,2026.0,1.0,A,1.0,[더미] 아래 4개 과목 중 성적 B(3.0) 이상 2과목 또는 A(4.0) 이상 1과목 필수,True,AND,GEN0060,
ECON,2026.0,1.0,A,1.0,[더미] 아래 4개 과목 중 성적 B(3.0) 이상 2과목 또는 A(4.0) 이상 1과목 필수,True,AND,GEN0044,
ECON,2026.0,1.0,A,1.0,[더미] 아래 4개 과목 중 성적 B(3.0) 이상 2과목 또는 A(4.0) 이상 1과목 필수,True,AND,ECO1002,
ECON,2026.0,2.0,B,2.0,[더미] 아래 4개 과목 중 성적 B(3.0) 이상 2과목 또는 A(4.0) 이상 1과목 필수,True,AND,GEN0059,
ECON,2026.0,2.0,B,2.0,[더미] 아래 4개 과목 중 성적 B(3.0) 이상 2과목 또는 A(4.0) 이상 1과목 필수,True,AND,GEN0060,
ECON,2026.0,2.0,B,2.0,[더미] 아래 4개 과목 중 성적 B(3.0) 이상 2과목 또는 A(4.0) 이상 1과목 필수,True,AND,GEN0044,
ECON,2026.0,2.0,B,2.0,[더미] 아래 4개 과목 중 성적 B(3.0) 이상 2과목 또는 A(4.0) 이상 1과목 필수,True,AND,ECO1002,
ECON,,,,,,,,,경제원론1
ECON,,,,,,,,,경제원론2
ECON,,,,,,,,,경영학원론
ACTU,2026.0,1.0,A,1.0,[더미] 아래 5개 과목 중 성적 B(3.0) 이상 2과목 또는 A(4.0) 이상 1과목 필수,True,AND,BUS1010,
ACTU,2026.0,1.0,A,1.0,[더미] 아래 5개 과목 중 성적 B(3.0) 이상 2과목 또는 A(4.0) 이상 1과목 필수,True,AND,ACT1005,
ACTU,2026.0,1.0,A,1.0,[더미] 아래 5개 과목 중 성적 B(3.0) 이상 2과목 또는 A(4.0) 이상 1과목 필수,True,AND,ACT1003,
ACTU,2026.0,1.0,A,1.0,[더미] 아래 5개 과목 중 성적 B(3.0) 이상 2과목 또는 A(4.0) 이상 1과목 필수,True,AND,ACT1004,
ACTU,2026.0,1.0,A,1.0,[더미] 아래 5개 과목 중 성적 B(3.0) 이상 2과목 또는 A(4.0) 이상 1과목 필수,True,AND,ACT1006,
ACTU,2026.0,2.0,B,2.0,[더미] 아래 5개 과목 중 성적 B(3.0) 이상 2과목 또는 A(4.0) 이상 1과목 필수,True,AND,BUS1010,
ACTU,2026.0,2.0,B,2.0,[더미] 아래 5개 과목 중 성적 B(3.0) 이상 2과목 또는 A(4.0) 이상 1과목 필수,True,AND,ACT1005,
ACTU,2026.0,2.0,B,2.0,[더미] 아래 5개 과목 중 성적 B(3.0) 이상 2과목 또는 A(4.0) 이상 1과목 필수,True,AND,ACT1003,
ACTU,2026.0,2.0,B,2.0,[더미] 아래 5개 과목 중 성적 B(3.0) 이상 2과목 또는 A(4.0) 이상 1과목 필수,True,AND,ACT1004,
ACTU,2026.0,2.0,B,2.0,[더미] 아래 5개 과목 중 성적 B(3.0) 이상 2과목 또는 A(4.0) 이상 1과목 필수,True,AND,ACT1006,
ACTU,,,,,,,,,회계정보의이해
ACTU,,,,,,,,,미적분학1
ACTU,,,,,,,,,계리프로그래밍
MEDIA,2026.0,1.0,A,1.0,[더미] 아래 4개 과목 중 성적 B(3.0) 이상 2과목 또는 A(4.0) 이상 1과목 필수,True,AND,JMC1008,
MEDIA,2026.0,1.0,A,1.0,[더미] 아래 4개 과목 중 성적 B(3.0) 이상 2과목 또는 A(4.0) 이상 1과목 필수,True,AND,JMC2000,
MEDIA,2026.0,1.0,A,1.0,[더미] 아래 4개 과목 중 성적 B(3.0) 이상 2과목 또는 A(4.0) 이상 1과목 필수,True,AND,JMC2030,
MEDIA,2026.0,1.0,A,1.0,[더미] 아래 4개 과목 중 성적 B(3.0) 이상 2과목 또는 A(4.0) 이상 1과목 필수,True,AND,JOU3066,
MEDIA,2026.0,2.0,B,2.0,[더미] 아래 4개 과목 중 성적 B(3.0) 이상 2과목 또는 A(4.0) 이상 1과목 필수,True,AND,JMC1008,
MEDIA,2026.0,2.0,B,2.0,[더미] 아래 4개 과목 중 성적 B(3.0) 이상 2과목 또는 A(4.0) 이상 1과목 필수,True,AND,JMC2000,
MEDIA,2026.0,2.0,B,2.0,[더미] 아래 4개 과목 중 성적 B(3.0) 이상 2과목 또는 A(4.0) 이상 1과목 필수,True,AND,JMC2030,
MEDIA,2026.0,2.0,B,2.0,[더미] 아래 4개 과목 중 성적 B(3.0) 이상 2과목 또는 A(4.0) 이상 1과목 필수,True,AND,JOU3066,
CONTENT,2026.0,1.0,A,1.0,[더미] 아래 5개 과목 중 성적 B(3.0) 이상 2과목 또는 A(4.0) 이상 1과목 필수,True,AND,DCC2001,
CONTENT,2026.0,1.0,A,1.0,[더미] 아래 5개 과목 중 성적 B(3.0) 이상 2과목 또는 A(4.0) 이상 1과목 필수,True,AND,DCC1011,
CONTENT,2026.0,1.0,A,1.0,[더미] 아래 5개 과목 중 성적 B(3.0) 이상 2과목 또는 A(4.0) 이상 1과목 필수,True,AND,DCC1010,
CONTENT,2026.0,1.0,A,1.0,[더미] 아래 5개 과목 중 성적 B(3.0) 이상 2과목 또는 A(4.0) 이상 1과목 필수,True,AND,DCC2017,
CONTENT,2026.0,1.0,A,1.0,[더미] 아래 5개 과목 중 성적 B(3.0) 이상 2과목 또는 A(4.0) 이상 1과목 필수,True,AND,DCC1007,
CONTENT,2026.0,2.0,B,2.0,[더미] 아래 5개 과목 중 성적 B(3.0) 이상 2과목 또는 A(4.0) 이상 1과목 필수,True,AND,DCC2001,
CONTENT,2026.0,2.0,B,2.0,[더미] 아래 5개 과목 중 성적 B(3.0) 이상 2과목 또는 A(4.0) 이상 1과목 필수,True,AND,DCC1011,
CONTENT,2026.0,2.0,B,2.0,[더미] 아래 5개 과목 중 성적 B(3.0) 이상 2과목 또는 A(4.0) 이상 1과목 필수,True,AND,DCC1010,
CONTENT,2026.0,2.0,B,2.0,[더미] 아래 5개 과목 중 성적 B(3.0) 이상 2과목 또는 A(4.0) 이상 1과목 필수,True,AND,DCC2017,
CONTENT,2026.0,2.0,B,2.0,[더미] 아래 5개 과목 중 성적 B(3.0) 이상 2과목 또는 A(4.0) 이상 1과목 필수,True,AND,DCC1007,
ANTHRO,2026.0,1.0,A,1.0,[더미] 아래 5개 과목 중 성적 B(3.0) 이상 2과목 또는 A(4.0) 이상 1과목 필수,True,AND,ANT1062,
ANTHRO,2026.0,1.0,A,1.0,[더미] 아래 5개 과목 중 성적 B(3.0) 이상 2과목 또는 A(4.0) 이상 1과목 필수,True,AND,ANT1059,
ANTHRO,2026.0,1.0,A,1.0,[더미] 아래 5개 과목 중 성적 B(3.0) 이상 2과목 또는 A(4.0) 이상 1과목 필수,True,AND,ANT1060,
ANTHRO,2026.0,1.0,A,1.0,[더미] 아래 5개 과목 중 성적 B(3.0) 이상 2과목 또는 A(4.0) 이상 1과목 필수,True,AND,ANT1061,
ANTHRO,2026.0,1.0,A,1.0,[더미] 아래 5개 과목 중 성적 B(3.0) 이상 2과목 또는 A(4.0) 이상 1과목 필수,True,AND,ANT2026,
ANTHRO,2026.0,2.0,B,2.0,[더미] 아래 5개 과목 중 성적 B(3.0) 이상 2과목 또는 A(4.0) 이상 1과목 필수,True,AND,ANT1062,
ANTHRO,2026.0,2.0,B,2.0,[더미] 아래 5개 과목 중 성적 B(3.0) 이상 2과목 또는 A(4.0) 이상 1과목 필수,True,AND,ANT1059,
ANTHRO,2026.0,2.0,B,2.0,[더미] 아래 5개 과목 중 성적 B(3.0) 이상 2과목 또는 A(4.0) 이상 1과목 필수,True,AND,ANT1060,
ANTHRO,2026.0,2.0,B,2.0,[더미] 아래 5개 과목 중 성적 B(3.0) 이상 2과목 또는 A(4.0) 이상 1과목 필수,True,AND,ANT1061,
ANTHRO,2026.0,2.0,B,2.0,[더미] 아래 5개 과목 중 성적 B(3.0) 이상 2과목 또는 A(4.0) 이상 1과목 필수,True,AND,ANT2026,
ANTHRO,,,,,,,,,이주시대세계문화의이해
ANTHRO,,,,,,,,,AI시대인류학의도전
ANTHRO,,,,,,,,,무형유산과한국학의이해
GLOBAL,2026.0,1.0,A,1.0,[더미] 아래 5개 과목 중 성적 B(3.0) 이상 2과목 또는 A(4.0) 이상 1과목 필수,True,AND,GCT1002,
GLOBAL,2026.0,1.0,A,1.0,[더미] 아래 5개 과목 중 성적 B(3.0) 이상 2과목 또는 A(4.0) 이상 1과목 필수,True,AND,GCT1007,
GLOBAL,2026.0,1.0,A,1.0,[더미] 아래 5개 과목 중 성적 B(3.0) 이상 2과목 또는 A(4.0) 이상 1과목 필수,True,AND,GCT1001,
GLOBAL,2026.0,1.0,A,1.0,[더미] 아래 5개 과목 중 성적 B(3.0) 이상 2과목 또는 A(4.0) 이상 1과목 필수,True,AND,GCT1003,
GLOBAL,2026.0,1.0,A,1.0,[더미] 아래 5개 과목 중 성적 B(3.0) 이상 2과목 또는 A(4.0) 이상 1과목 필수,True,AND,GCT1004,
GLOBAL,2026.0,2.0,B,2.0,[더미] 아래 5개 과목 중 성적 B(3.0) 이상 2과목 또는 A(4.0) 이상 1과목 필수,True,AND,GCT1002,
GLOBAL,2026.0,2.0,B,2.0,[더미] 아래 5개 과목 중 성적 B(3.0) 이상 2과목 또는 A(4.0) 이상 1과목 필수,True,AND,GCT1007,
GLOBAL,2026.0,2.0,B,2.0,[더미] 아래 5개 과목 중 성적 B(3.0) 이상 2과목 또는 A(4.0) 이상 1과목 필수,True,AND,GCT1001,
GLOBAL,2026.0,2.0,B,2.0,[더미] 아래 5개 과목 중 성적 B(3.0) 이상 2과목 또는 A(4.0) 이상 1과목 필수,True,AND,GCT1003,
GLOBAL,2026.0,2.0,B,2.0,[더미] 아래 5개 과목 중 성적 B(3.0) 이상 2과목 또는 A(4.0) 이상 1과목 필수,True,AND,GCT1004,
GLOBAL,,,,,,,,,글로벌트랜드탐색
GLOBAL,,,,,,,,,글로벌통상의이해
GLOBAL,,,,,,,,,K-컬쳐와글로벌한국학문화연구기초
DESIGN_DIV,2026.0,1.0,A,1.0,[더미] 아래 5개 과목 중 성적 B(3.0) 이상 2과목 또는 A(4.0) 이상 1과목 필수,True,AND,DES1004,
DESIGN_DIV,2026.0,1.0,A,1.0,[더미] 아래 5개 과목 중 성적 B(3.0) 이상 2과목 또는 A(4.0) 이상 1과목 필수,True,AND,DES1002,
DESIGN_DIV,2026.0,1.0,A,1.0,[더미] 아래 5개 과목 중 성적 B(3.0) 이상 2과목 또는 A(4.0) 이상 1과목 필수,True,AND,DES1001,
DESIGN_DIV,2026.0,1.0,A,1.0,[더미] 아래 5개 과목 중 성적 B(3.0) 이상 2과목 또는 A(4.0) 이상 1과목 필수,True,AND,DES1003,
DESIGN_DIV,2026.0,1.0,A,1.0,[더미] 아래 5개 과목 중 성적 B(3.0) 이상 2과목 또는 A(4.0) 이상 1과목 필수,True,AND,DES1005,
DESIGN_DIV,2026.0,2.0,B,2.0,[더미] 아래 5개 과목 중 성적 B(3.0) 이상 2과목 또는 A(4.0) 이상 1과목 필수,True,AND,DES1004,
DESIGN_DIV,2026.0,2.0,B,2.0,[더미] 아래 5개 과목 중 성적 B(3.0) 이상 2과목 또는 A(4.0) 이상 1과목 필수,True,AND,DES1002,
DESIGN_DIV,2026.0,2.0,B,2.0,[더미] 아래 5개 과목 중 성적 B(3.0) 이상 2과목 또는 A(4.0) 이상 1과목 필수,True,AND,DES1001,
DESIGN_DIV,2026.0,2.0,B,2.0,[더미] 아래 5개 과목 중 성적 B(3.0) 이상 2과목 또는 A(4.0) 이상 1과목 필수,True,AND,DES1003,
DESIGN_DIV,2026.0,2.0,B,2.0,[더미] 아래 5개 과목 중 성적 B(3.0) 이상 2과목 또는 A(4.0) 이상 1과목 필수,True,AND,DES1005,
DESIGN_DIV,,,,,,,,,드로잉파운데이션
DESIGN_DIV,,,,,,,,,2D디지털디자인
DESIGN_DIV,,,,,,,,,스튜디오프랙티스
JEWEL,2026.0,1.0,A,1.0,[더미] 아래 5개 과목 중 성적 B(3.0) 이상 2과목 또는 A(4.0) 이상 1과목 필수 (교육과정 차용: 디자인계열),True,AND,DES1004,
JEWEL,2026.0,1.0,A,1.0,[더미] 아래 5개 과목 중 성적 B(3.0) 이상 2과목 또는 A(4.0) 이상 1과목 필수 (교육과정 차용: 디자인계열),True,AND,DES1002,
JEWEL,2026.0,1.0,A,1.0,[더미] 아래 5개 과목 중 성적 B(3.0) 이상 2과목 또는 A(4.0) 이상 1과목 필수 (교육과정 차용: 디자인계열),True,AND,DES1001,
JEWEL,2026.0,1.0,A,1.0,[더미] 아래 5개 과목 중 성적 B(3.0) 이상 2과목 또는 A(4.0) 이상 1과목 필수 (교육과정 차용: 디자인계열),True,AND,DES1003,
JEWEL,2026.0,1.0,A,1.0,[더미] 아래 5개 과목 중 성적 B(3.0) 이상 2과목 또는 A(4.0) 이상 1과목 필수 (교육과정 차용: 디자인계열),True,AND,DES1005,
JEWEL,2026.0,2.0,B,2.0,[더미] 아래 5개 과목 중 성적 B(3.0) 이상 2과목 또는 A(4.0) 이상 1과목 필수 (교육과정 차용: 디자인계열),True,AND,DES1004,
JEWEL,2026.0,2.0,B,2.0,[더미] 아래 5개 과목 중 성적 B(3.0) 이상 2과목 또는 A(4.0) 이상 1과목 필수 (교육과정 차용: 디자인계열),True,AND,DES1002,
JEWEL,2026.0,2.0,B,2.0,[더미] 아래 5개 과목 중 성적 B(3.0) 이상 2과목 또는 A(4.0) 이상 1과목 필수 (교육과정 차용: 디자인계열),True,AND,DES1001,
JEWEL,2026.0,2.0,B,2.0,[더미] 아래 5개 과목 중 성적 B(3.0) 이상 2과목 또는 A(4.0) 이상 1과목 필수 (교육과정 차용: 디자인계열),True,AND,DES1003,
JEWEL,2026.0,2.0,B,2.0,[더미] 아래 5개 과목 중 성적 B(3.0) 이상 2과목 또는 A(4.0) 이상 1과목 필수 (교육과정 차용: 디자인계열),True,AND,DES1005,
JEWEL,,,,,,,,,드로잉파운데이션
JEWEL,,,,,,,,,2D디지털디자인
JEWEL,,,,,,,,,스튜디오프랙티스
CONV_DESIGN,2026.0,1.0,A,1.0,[더미] 아래 5개 과목 중 성적 B(3.0) 이상 2과목 또는 A(4.0) 이상 1과목 필수 (교육과정 차용: 디자인계열),True,AND,DES1004,
CONV_DESIGN,2026.0,1.0,A,1.0,[더미] 아래 5개 과목 중 성적 B(3.0) 이상 2과목 또는 A(4.0) 이상 1과목 필수 (교육과정 차용: 디자인계열),True,AND,DES1002,
CONV_DESIGN,2026.0,1.0,A,1.0,[더미] 아래 5개 과목 중 성적 B(3.0) 이상 2과목 또는 A(4.0) 이상 1과목 필수 (교육과정 차용: 디자인계열),True,AND,DES1001,
CONV_DESIGN,2026.0,1.0,A,1.0,[더미] 아래 5개 과목 중 성적 B(3.0) 이상 2과목 또는 A(4.0) 이상 1과목 필수 (교육과정 차용: 디자인계열),True,AND,DES1003,
CONV_DESIGN,2026.0,1.0,A,1.0,[더미] 아래 5개 과목 중 성적 B(3.0) 이상 2과목 또는 A(4.0) 이상 1과목 필수 (교육과정 차용: 디자인계열),True,AND,DES1005,
CONV_DESIGN,2026.0,2.0,B,2.0,[더미] 아래 5개 과목 중 성적 B(3.0) 이상 2과목 또는 A(4.0) 이상 1과목 필수 (교육과정 차용: 디자인계열),True,AND,DES1004,
CONV_DESIGN,2026.0,2.0,B,2.0,[더미] 아래 5개 과목 중 성적 B(3.0) 이상 2과목 또는 A(4.0) 이상 1과목 필수 (교육과정 차용: 디자인계열),True,AND,DES1002,
CONV_DESIGN,2026.0,2.0,B,2.0,[더미] 아래 5개 과목 중 성적 B(3.0) 이상 2과목 또는 A(4.0) 이상 1과목 필수 (교육과정 차용: 디자인계열),True,AND,DES1001,
CONV_DESIGN,2026.0,2.0,B,2.0,[더미] 아래 5개 과목 중 성적 B(3.0) 이상 2과목 또는 A(4.0) 이상 1과목 필수 (교육과정 차용: 디자인계열),True,AND,DES1003,
CONV_DESIGN,2026.0,2.0,B,2.0,[더미] 아래 5개 과목 중 성적 B(3.0) 이상 2과목 또는 A(4.0) 이상 1과목 필수 (교육과정 차용: 디자인계열),True,AND,DES1005,
CONV_DESIGN,,,,,,,,,드로잉파운데이션
CONV_DESIGN,,,,,,,,,2D디지털디자인
CONV_DESIGN,,,,,,,,,스튜디오프랙티스
VIS_DESIGN,2026.0,1.0,A,1.0,[더미] 아래 5개 과목 중 성적 B(3.0) 이상 2과목 또는 A(4.0) 이상 1과목 필수 (교육과정 차용: 디자인계열),True,AND,DES1004,
VIS_DESIGN,2026.0,1.0,A,1.0,[더미] 아래 5개 과목 중 성적 B(3.0) 이상 2과목 또는 A(4.0) 이상 1과목 필수 (교육과정 차용: 디자인계열),True,AND,DES1002,
VIS_DESIGN,2026.0,1.0,A,1.0,[더미] 아래 5개 과목 중 성적 B(3.0) 이상 2과목 또는 A(4.0) 이상 1과목 필수 (교육과정 차용: 디자인계열),True,AND,DES1001,
VIS_DESIGN,2026.0,1.0,A,1.0,[더미] 아래 5개 과목 중 성적 B(3.0) 이상 2과목 또는 A(4.0) 이상 1과목 필수 (교육과정 차용: 디자인계열),True,AND,DES1003,
VIS_DESIGN,2026.0,1.0,A,1.0,[더미] 아래 5개 과목 중 성적 B(3.0) 이상 2과목 또는 A(4.0) 이상 1과목 필수 (교육과정 차용: 디자인계열),True,AND,DES1005,
VIS_DESIGN,2026.0,2.0,B,2.0,[더미] 아래 5개 과목 중 성적 B(3.0) 이상 2과목 또는 A(4.0) 이상 1과목 필수 (교육과정 차용: 디자인계열),True,AND,DES1004,
VIS_DESIGN,2026.0,2.0,B,2.0,[더미] 아래 5개 과목 중 성적 B(3.0) 이상 2과목 또는 A(4.0) 이상 1과목 필수 (교육과정 차용: 디자인계열),True,AND,DES1002,
VIS_DESIGN,2026.0,2.0,B,2.0,[더미] 아래 5개 과목 중 성적 B(3.0) 이상 2과목 또는 A(4.0) 이상 1과목 필수 (교육과정 차용: 디자인계열),True,AND,DES1001,
VIS_DESIGN,2026.0,2.0,B,2.0,[더미] 아래 5개 과목 중 성적 B(3.0) 이상 2과목 또는 A(4.0) 이상 1과목 필수 (교육과정 차용: 디자인계열),True,AND,DES1003,
VIS_DESIGN,2026.0,2.0,B,2.0,[더미] 아래 5개 과목 중 성적 B(3.0) 이상 2과목 또는 A(4.0) 이상 1과목 필수 (교육과정 차용: 디자인계열),True,AND,DES1005,
VIS_DESIGN,,,,,,,,,드로잉파운데이션
VIS_DESIGN,,,,,,,,,2D디지털디자인
VIS_DESIGN,,,,,,,,,스튜디오프랙티스
