student_id,name,email,phone,department_id,pride,class_number,track,survey_round_id,first_choice_id,second_choice_id,decision_status_id,decision_scale
2026334053,신도윤,student001@hanyang.ac.kr,010-1488-2535,102,L,1,자연계열,1,405,200,1,4
2026334053,신도윤,student001@hanyang.ac.kr,010-1488-2535,102,L,1,자연계열,2,200,405,1,5
2026460663,서하준,student002@hanyang.ac.kr,010-5803-6925,102,L,1,자연계열,1,203,301,2,4
2026460663,서하준,student002@hanyang.ac.kr,010-5803-6925,102,L,1,자연계열,2,301,203,3,5
2026440035,서연우,student003@hanyang.ac.kr,010-2084-4456,101,L,1,인문사회계열,1,802,800,2,2
2026440035,서연우,student003@hanyang.ac.kr,010-2084-4456,101,L,1,인문사회계열,2,802,800,3,2
2026245051,강시아,student004@hanyang.ac.kr,010-7916-2040,100,L,1,인문사회계열,1,600,602,2,1
2026245051,강시아,student004@hanyang.ac.kr,010-7916-2040,100,L,1,인문사회계열,2,602,600,2,1
2026665579,김지호,student005@hanyang.ac.kr,010-6947-6038,102,L,1,자연계열,1,204,300,3,5
2026665579,김지호,student005@hanyang.ac.kr,010-6947-6038,102,L,1,자연계열,2,204,300,3,5
2026454508,홍예준,student006@hanyang.ac.kr,010-4750-2104,101,L,1,인문사회계열,1,600,501,1,3
2026454508,홍예준,student006@hanyang.ac.kr,010-4750-2104,101,L,1,인문사회계열,2,501,600,3,3
2026299659,양예준,student007@hanyang.ac.kr,010-2612-1993,102,L,1,자연계열,1,407,304,1,2
2026299659,양예준,student007@hanyang.ac.kr,010-2612-1993,102,L,1,자연계열,2,407,304,3,3
2026324130,장시아,student008@hanyang.ac.kr,010-8454-5673,102,L,1,자연계열,1,205,302,3,1
2026324130,장시아,student008@hanyang.ac.kr,010-8454-5673,102,L,1,자연계열,2,205,302,3,1
2026648177,서지후,student009@hanyang.ac.kr,010-5915-8491,102,L,1,자연계열,1,403,302,1,3
2026648177,서지후,student009@hanyang.ac.kr,010-5915-8491,102,L,1,자연계열,2,302,403,2,4
2026212235,조유나,student010@hanyang.ac.kr,010-5325-9280,102,L,1,자연계열,1,204,208,2,2
2026212235,조유나,student010@hanyang.ac.kr,010-5325-9280,102,L,1,자연계열,2,204,208,2,2
2026934794,최서연,student011@hanyang.ac.kr,010-7658-3532,102,L,1,자연계열,1,209,201,3,2
2026934794,최서연,student011@hanyang.ac.kr,010-7658-3532,102,L,1,자연계열,2,201,209,3,4
2026338651,손연우,student012@hanyang.ac.kr,010-6753-9346,101,L,1,인문사회계열,1,602,601,1,2
2026338651,손연우,student012@hanyang.ac.kr,010-6753-9346,101,L,1,인문사회계열,2,602,601,3,3
2026945687,신시우,student013@hanyang.ac.kr,010-6409-6143,102,L,1,자연계열,1,302,404,2,4
2026945687,신시우,student013@hanyang.ac.kr,010-6409-6143,102,L,1,자연계열,2,404,302,3,5
2026587575,박유준,student014@hanyang.ac.kr,010-9445-6491,101,L,1,인문사회계열,1,803,801,1,3
2026587575,박유준,student014@hanyang.ac.kr,010-9445-6491,101,L,1,인문사회계열,2,801,803,3,5
2026105814,배지민,student015@hanyang.ac.kr,010-9486-8611,101,L,1,인문사회계열,1,502,600,3,5
2026105814,배지민,student015@hanyang.ac.kr,010-9486-8611,101,L,1,인문사회계열,2,600,502,3,5
2026980660,권시우,student016@hanyang.ac.kr,010-5681-4841,101,L,1,인문사회계열,1,601,700,2,3
2026980660,권시우,student016@hanyang.ac.kr,010-5681-4841,101,L,1,인문사회계열,2,700,601,3,5
2026508930,배수빈,student017@hanyang.ac.kr,010-4613-8999,101,L,1,인문사회계열,1,500,602,3,2
2026508930,배수빈,student017@hanyang.ac.kr,010-4613-8999,101,L,1,인문사회계열,2,500,602,3,4
2026372793,백하은,student018@hanyang.ac.kr,010-5133-2341,101,L,1,인문사회계열,1,700,502,1,2
2026372793,백하은,student018@hanyang.ac.kr,010-5133-2341,101,L,1,인문사회계열,2,502,700,2,3
2026275939,최예은,student019@hanyang.ac.kr,010-1420-6111,101,L,1,인문사회계열,1,803,601,2,3
2026275939,최예은,student019@hanyang.ac.kr,010-1420-6111,101,L,1,인문사회계열,2,803,601,3,3
2026990844,백지유,student020@hanyang.ac.kr,010-3506-8135,102,L,1,자연계열,1,306,402,1,2
2026990844,백지유,student020@hanyang.ac.kr,010-3506-8135,102,L,1,자연계열,2,306,402,2,3
2026835244,양하은,student021@hanyang.ac.kr,010-9004-4937,100,L,1,인문사회계열,1,601,602,3,3
2026835244,양하은,student021@hanyang.ac.kr,010-9004-4937,100,L,1,인문사회계열,2,602,601,3,3
2026301939,조하린,student022@hanyang.ac.kr,010-8933-5530,101,L,1,인문사회계열,1,600,601,1,5
2026301939,조하린,student022@hanyang.ac.kr,010-8933-5530,101,L,1,인문사회계열,2,601,600,3,5
2026592198,황지호,student023@hanyang.ac.kr,010-2070-7565,101,L,1,인문사회계열,1,501,500,1,5
2026592198,황지호,student023@hanyang.ac.kr,010-2070-7565,101,L,1,인문사회계열,2,501,500,2,5
2026420214,조예린,student024@hanyang.ac.kr,010-4457-5335,100,L,1,인문사회계열,1,601,801,2,5
2026420214,조예린,student024@hanyang.ac.kr,010-4457-5335,100,L,1,인문사회계열,2,601,801,2,5
2026718439,정연우,student025@hanyang.ac.kr,010-3330-2169,102,L,1,자연계열,1,407,208,2,2
2026718439,정연우,student025@hanyang.ac.kr,010-3330-2169,102,L,1,자연계열,2,208,407,3,4
2026391668,황서연,student026@hanyang.ac.kr,010-7690-6460,102,L,1,자연계열,1,304,306,1,3
2026391668,황서연,student026@hanyang.ac.kr,010-7690-6460,102,L,1,자연계열,2,304,306,3,4
2026896907,문채원,student027@hanyang.ac.kr,010-2989-1472,101,L,1,인문사회계열,1,801,700,1,1
2026896907,문채원,student027@hanyang.ac.kr,010-2989-1472,101,L,1,인문사회계열,2,801,700,2,2
2026851413,윤지유,student028@hanyang.ac.kr,010-3369-7284,102,L,1,자연계열,1,402,204,1,2
2026851413,윤지유,student028@hanyang.ac.kr,010-3369-7284,102,L,1,자연계열,2,402,204,3,3
2026880879,홍준서,student029@hanyang.ac.kr,010-9115-1606,101,L,1,인문사회계열,1,600,603,1,2
2026880879,홍준서,student029@hanyang.ac.kr,010-9115-1606,101,L,1,인문사회계열,2,600,603,3,4
2026498468,이소율,student030@hanyang.ac.kr,010-2121-4846,102,L,1,자연계열,1,210,403,3,5
2026498468,이소율,student030@hanyang.ac.kr,010-2121-4846,102,L,1,자연계열,2,210,403,3,5
2026711484,배지유,student031@hanyang.ac.kr,010-5712-9955,101,L,1,인문사회계열,1,801,802,1,2
2026711484,배지유,student031@hanyang.ac.kr,010-5712-9955,101,L,1,인문사회계열,2,801,802,2,3
2026693419,백유준,student032@hanyang.ac.kr,010-4770-6772,102,L,1,자연계열,1,403,301,3,5
2026693419,백유준,student032@hanyang.ac.kr,010-4770-6772,102,L,1,자연계열,2,403,301,3,5
2026591081,서가연,student033@hanyang.ac.kr,010-6992-2479,101,L,1,인문사회계열,1,803,602,3,5
2026591081,서가연,student033@hanyang.ac.kr,010-6992-2479,101,L,1,인문사회계열,2,803,602,3,5
2026766269,이도윤,student034@hanyang.ac.kr,010-5986-9071,101,L,1,인문사회계열,1,600,801,2,2
2026766269,이도윤,student034@hanyang.ac.kr,010-5986-9071,101,L,1,인문사회계열,2,801,600,3,3
2026327823,오지윤,student035@hanyang.ac.kr,010-6876-1992,101,L,1,인문사회계열,1,601,500,1,4
2026327823,오지윤,student035@hanyang.ac.kr,010-6876-1992,101,L,1,인문사회계열,2,601,500,3,4
2026344316,정지후,student036@hanyang.ac.kr,010-9850-5106,102,L,1,자연계열,1,206,400,1,5
2026344316,정지후,student036@hanyang.ac.kr,010-9850-5106,102,L,1,자연계열,2,400,206,1,5
2026790909,허서현,student037@hanyang.ac.kr,010-7984-2768,102,L,1,자연계열,1,401,201,2,5
2026790909,허서현,student037@hanyang.ac.kr,010-7984-2768,102,L,1,자연계열,2,401,201,2,5
2026865054,고윤서,student038@hanyang.ac.kr,010-2099-2494,101,L,1,인문사회계열,1,602,700,1,3
2026865054,고윤서,student038@hanyang.ac.kr,010-2099-2494,101,L,1,인문사회계열,2,602,700,2,4
2026323072,오지호,student039@hanyang.ac.kr,010-5564-4705,101,L,1,인문사회계열,1,602,501,1,4
2026323072,오지호,student039@hanyang.ac.kr,010-5564-4705,101,L,1,인문사회계열,2,602,501,2,5
2026265055,이준서,student040@hanyang.ac.kr,010-3579-1815,102,L,1,자연계열,1,301,302,1,4
2026265055,이준서,student040@hanyang.ac.kr,010-3579-1815,102,L,1,자연계열,2,301,302,3,5
2026403507,송다인,student041@hanyang.ac.kr,010-4770-9196,102,L,1,자연계열,1,204,406,1,4
2026403507,송다인,student041@hanyang.ac.kr,010-4770-9196,102,L,1,자연계열,2,406,204,1,4
2026985506,임하린,student042@hanyang.ac.kr,010-6562-4630,101,L,1,인문사회계열,1,803,602,1,2
2026985506,임하린,student042@hanyang.ac.kr,010-6562-4630,101,L,1,인문사회계열,2,803,602,2,2
2026891093,전승현,student043@hanyang.ac.kr,010-6179-3473,102,L,1,자연계열,1,406,402,2,3
2026891093,전승현,student043@hanyang.ac.kr,010-6179-3473,102,L,1,자연계열,2,406,402,3,5
2026258189,박수아,student044@hanyang.ac.kr,010-3827-1641,102,L,1,자연계열,1,210,401,3,4
2026258189,박수아,student044@hanyang.ac.kr,010-3827-1641,102,L,1,자연계열,2,210,401,3,5
2026466813,박정우,student045@hanyang.ac.kr,010-7171-6381,102,L,1,자연계열,1,400,403,1,3
2026466813,박정우,student045@hanyang.ac.kr,010-7171-6381,102,L,1,자연계열,2,400,403,3,3
2026289630,이하은,student046@hanyang.ac.kr,010-6968-4891,102,L,1,자연계열,1,401,301,2,4
2026289630,이하은,student046@hanyang.ac.kr,010-6968-4891,102,L,1,자연계열,2,401,301,3,4
2026627335,장예준,student047@hanyang.ac.kr,010-8873-7081,101,L,1,인문사회계열,1,601,700,2,4
2026627335,장예준,student047@hanyang.ac.kr,010-8873-7081,101,L,1,인문사회계열,2,700,601,3,5
2026493124,배준서,student048@hanyang.ac.kr,010-3254-1627,100,L,1,인문사회계열,1,600,603,1,1
2026493124,배준서,student048@hanyang.ac.kr,010-3254-1627,100,L,1,인문사회계열,2,600,603,2,3
2026769989,김예린,student049@hanyang.ac.kr,010-9443-4963,101,L,1,인문사회계열,1,501,500,2,1
2026769989,김예린,student049@hanyang.ac.kr,010-9443-4963,101,L,1,인문사회계열,2,501,500,2,2
2026491435,고예린,student050@hanyang.ac.kr,010-2698-6447,101,L,1,인문사회계열,1,802,500,1,4
2026491435,고예린,student050@hanyang.ac.kr,010-2698-6447,101,L,1,인문사회계열,2,500,802,1,5
2026430926,이윤아,student051@hanyang.ac.kr,010-4131-5687,100,L,1,자연계열,1,407,206,3,5
2026430926,이윤아,student051@hanyang.ac.kr,010-4131-5687,100,L,1,자연계열,2,407,206,3,5
2026436814,신준우,student052@hanyang.ac.kr,010-8272-6759,101,L,1,인문사회계열,1,801,502,1,2
2026436814,신준우,student052@hanyang.ac.kr,010-8272-6759,101,L,1,인문사회계열,2,801,502,2,3
2026501451,오민서,student053@hanyang.ac.kr,010-2259-3255,102,L,1,자연계열,1,406,402,3,1
2026501451,오민서,student053@hanyang.ac.kr,010-2259-3255,102,L,1,자연계열,2,406,402,3,2
2026848022,문시우,student054@hanyang.ac.kr,010-9882-5757,102,L,1,자연계열,1,204,202,1,3
2026848022,문시우,student054@hanyang.ac.kr,010-9882-5757,102,L,1,자연계열,2,204,202,1,4
2026906527,권지유,student055@hanyang.ac.kr,010-9476-6644,101,L,1,인문사회계열,1,803,700,1,1
2026906527,권지유,student055@hanyang.ac.kr,010-9476-6644,101,L,1,인문사회계열,2,803,700,3,2
2026659392,고소율,student056@hanyang.ac.kr,010-6531-1674,101,L,1,인문사회계열,1,802,502,1,3
2026659392,고소율,student056@hanyang.ac.kr,010-6531-1674,101,L,1,인문사회계열,2,502,802,3,5
2026162823,한다인,student057@hanyang.ac.kr,010-6231-6658,101,L,1,인문사회계열,1,601,700,1,2
2026162823,한다인,student057@hanyang.ac.kr,010-6231-6658,101,L,1,인문사회계열,2,601,700,2,3
2026359961,허준우,student058@hanyang.ac.kr,010-6364-6123,102,L,1,자연계열,1,303,203,1,5
2026359961,허준우,student058@hanyang.ac.kr,010-6364-6123,102,L,1,자연계열,2,303,203,1,5
2026900961,송유준,student059@hanyang.ac.kr,010-2204-7329,101,L,1,인문사회계열,1,601,502,1,1
2026900961,송유준,student059@hanyang.ac.kr,010-2204-7329,101,L,1,인문사회계열,2,502,601,1,3
2026640546,양나윤,student060@hanyang.ac.kr,010-5902-6511,101,L,1,인문사회계열,1,800,700,1,2
2026640546,양나윤,student060@hanyang.ac.kr,010-5902-6511,101,L,1,인문사회계열,2,800,700,3,3
2026278794,고선우,student061@hanyang.ac.kr,010-1517-2800,102,L,1,자연계열,1,201,405,2,4
2026278794,고선우,student061@hanyang.ac.kr,010-1517-2800,102,L,1,자연계열,2,405,201,3,5
2026855944,윤연우,student062@hanyang.ac.kr,010-5890-4684,101,L,1,인문사회계열,1,602,800,2,2
2026855944,윤연우,student062@hanyang.ac.kr,010-5890-4684,101,L,1,인문사회계열,2,800,602,3,3
2026669576,임다인,student063@hanyang.ac.kr,010-2294-6674,101,L,1,인문사회계열,1,501,601,1,4
2026669576,임다인,student063@hanyang.ac.kr,010-2294-6674,101,L,1,인문사회계열,2,601,501,3,4
2026656837,최유나,student064@hanyang.ac.kr,010-3252-1084,102,L,1,자연계열,1,207,201,1,1
2026656837,최유나,student064@hanyang.ac.kr,010-3252-1084,102,L,1,자연계열,2,207,201,2,2
2026906066,이현우,student065@hanyang.ac.kr,010-7846-3880,101,L,1,인문사회계열,1,602,601,1,3
2026906066,이현우,student065@hanyang.ac.kr,010-7846-3880,101,L,1,인문사회계열,2,602,601,3,5
2026866634,임다은,student066@hanyang.ac.kr,010-4164-3875,102,L,1,자연계열,1,407,203,1,1
2026866634,임다은,student066@hanyang.ac.kr,010-4164-3875,102,L,1,자연계열,2,407,203,2,3
2026165142,문서아,student067@hanyang.ac.kr,010-6095-2923,101,L,1,인문사회계열,1,802,602,2,1
2026165142,문서아,student067@hanyang.ac.kr,010-6095-2923,101,L,1,인문사회계열,2,802,602,2,3
2026969032,허지아,student068@hanyang.ac.kr,010-8239-2904,101,L,1,인문사회계열,1,801,501,2,3
2026969032,허지아,student068@hanyang.ac.kr,010-8239-2904,101,L,1,인문사회계열,2,501,801,2,3
2026147489,박윤서,student069@hanyang.ac.kr,010-1519-5703,101,L,1,인문사회계열,1,500,600,1,3
2026147489,박윤서,student069@hanyang.ac.kr,010-1519-5703,101,L,1,인문사회계열,2,500,600,3,3
2026412856,윤지유,student070@hanyang.ac.kr,010-6671-3541,102,L,1,자연계열,1,200,406,1,2
2026412856,윤지유,student070@hanyang.ac.kr,010-6671-3541,102,L,1,자연계열,2,200,406,3,3
2026403314,고혜원,student071@hanyang.ac.kr,010-6253-4881,102,L,1,자연계열,1,406,201,1,3
2026403314,고혜원,student071@hanyang.ac.kr,010-6253-4881,102,L,1,자연계열,2,406,201,3,5
2026891062,권예준,student072@hanyang.ac.kr,010-7761-7824,101,L,1,인문사회계열,1,601,502,2,2
2026891062,권예준,student072@hanyang.ac.kr,010-7761-7824,101,L,1,인문사회계열,2,502,601,2,4
2026116078,황선우,student073@hanyang.ac.kr,010-4350-7498,101,L,1,인문사회계열,1,600,602,1,4
2026116078,황선우,student073@hanyang.ac.kr,010-4350-7498,101,L,1,인문사회계열,2,600,602,2,5
2026980521,윤하린,student074@hanyang.ac.kr,010-3390-1265,102,L,1,자연계열,1,407,405,1,2
2026980521,윤하린,student074@hanyang.ac.kr,010-3390-1265,102,L,1,자연계열,2,407,405,2,2
2026668471,고예준,student075@hanyang.ac.kr,010-1104-7756,102,L,1,자연계열,1,405,307,3,3
2026668471,고예준,student075@hanyang.ac.kr,010-1104-7756,102,L,1,자연계열,2,405,307,3,3
2026301255,서지유,student076@hanyang.ac.kr,010-4984-4700,102,L,1,자연계열,1,306,203,2,2
2026301255,서지유,student076@hanyang.ac.kr,010-4984-4700,102,L,1,자연계열,2,203,306,2,3
2026669408,조예은,student077@hanyang.ac.kr,010-3362-7525,100,L,1,자연계열,1,403,202,2,5
2026669408,조예은,student077@hanyang.ac.kr,010-3362-7525,100,L,1,자연계열,2,202,403,2,5
2026572436,류가은,student078@hanyang.ac.kr,010-7227-2404,102,L,1,자연계열,1,208,402,1,5
2026572436,류가은,student078@hanyang.ac.kr,010-7227-2404,102,L,1,자연계열,2,402,208,2,5
2026570646,박수빈,student079@hanyang.ac.kr,010-6315-7311,102,L,1,자연계열,1,204,202,2,1
2026570646,박수빈,student079@hanyang.ac.kr,010-6315-7311,102,L,1,자연계열,2,204,202,2,1
2026514913,신혜원,student080@hanyang.ac.kr,010-3230-5922,101,L,1,인문사회계열,1,501,502,1,4
2026514913,신혜원,student080@hanyang.ac.kr,010-3230-5922,101,L,1,인문사회계열,2,501,502,3,5
2026309505,양지유,student081@hanyang.ac.kr,010-4434-8183,100,L,1,인문사회계열,1,501,602,2,3
2026309505,양지유,student081@hanyang.ac.kr,010-4434-8183,100,L,1,인문사회계열,2,602,501,2,5
2026951755,오준우,student082@hanyang.ac.kr,010-1725-7547,102,L,1,자연계열,1,407,300,2,1
2026951755,오준우,student082@hanyang.ac.kr,010-1725-7547,102,L,1,자연계열,2,407,300,3,1
2026812565,임하은,student083@hanyang.ac.kr,010-2406-2901,101,L,1,인문사회계열,1,602,603,2,2
2026812565,임하은,student083@hanyang.ac.kr,010-2406-2901,101,L,1,인문사회계열,2,602,603,2,2
2026447067,강예린,student084@hanyang.ac.kr,010-8080-7481,102,L,1,자연계열,1,306,205,2,2
2026447067,강예린,student084@hanyang.ac.kr,010-8080-7481,102,L,1,자연계열,2,306,205,3,3
2026953266,정승현,student085@hanyang.ac.kr,010-2931-4908,102,L,1,자연계열,1,303,300,2,5
2026953266,정승현,student085@hanyang.ac.kr,010-2931-4908,102,L,1,자연계열,2,300,303,3,5
2026954815,신다인,student086@hanyang.ac.kr,010-8272-9006,101,L,1,인문사회계열,1,500,700,1,3
2026954815,신다인,student086@hanyang.ac.kr,010-8272-9006,101,L,1,인문사회계열,2,500,700,3,4
2026893547,백시은,student087@hanyang.ac.kr,010-5055-5877,101,L,1,인문사회계열,1,602,800,1,3
2026893547,백시은,student087@hanyang.ac.kr,010-5055-5877,101,L,1,인문사회계열,2,800,602,3,4
2026944565,문유준,student088@hanyang.ac.kr,010-5740-5380,102,L,1,자연계열,1,206,407,1,2
2026944565,문유준,student088@hanyang.ac.kr,010-5740-5380,102,L,1,자연계열,2,407,206,2,4
2026845951,류예린,student089@hanyang.ac.kr,010-5402-7786,102,L,1,자연계열,1,404,204,1,4
2026845951,류예린,student089@hanyang.ac.kr,010-5402-7786,102,L,1,자연계열,2,404,204,2,5
2026454161,손예준,student090@hanyang.ac.kr,010-1752-2631,101,L,1,인문사회계열,1,601,602,2,4
2026454161,손예준,student090@hanyang.ac.kr,010-1752-2631,101,L,1,인문사회계열,2,601,602,2,5
2026780432,신시은,student091@hanyang.ac.kr,010-2494-2559,101,L,1,인문사회계열,1,601,501,1,2
2026780432,신시은,student091@hanyang.ac.kr,010-2494-2559,101,L,1,인문사회계열,2,601,501,2,4
2026485416,고준서,student092@hanyang.ac.kr,010-2120-9691,101,L,1,인문사회계열,1,501,803,3,4
2026485416,고준서,student092@hanyang.ac.kr,010-2120-9691,101,L,1,인문사회계열,2,501,803,3,4
2026246622,전유준,student093@hanyang.ac.kr,010-1439-5942,101,L,1,인문사회계열,1,602,603,1,2
2026246622,전유준,student093@hanyang.ac.kr,010-1439-5942,101,L,1,인문사회계열,2,602,603,3,4
2026907788,이시아,student094@hanyang.ac.kr,010-7520-9300,100,L,1,자연계열,1,304,406,1,1
2026907788,이시아,student094@hanyang.ac.kr,010-7520-9300,100,L,1,자연계열,2,406,304,3,1
2026190400,양가은,student095@hanyang.ac.kr,010-3877-2956,101,L,1,인문사회계열,1,803,600,3,3
2026190400,양가은,student095@hanyang.ac.kr,010-3877-2956,101,L,1,인문사회계열,2,803,600,3,3
2026758015,강서윤,student096@hanyang.ac.kr,010-3577-5179,100,L,1,자연계열,1,208,404,1,2
2026758015,강서윤,student096@hanyang.ac.kr,010-3577-5179,100,L,1,자연계열,2,208,404,2,3
2026155230,권유준,student097@hanyang.ac.kr,010-6090-6362,101,L,1,인문사회계열,1,800,501,1,5
2026155230,권유준,student097@hanyang.ac.kr,010-6090-6362,101,L,1,인문사회계열,2,501,800,3,5
2026463251,고지우,student098@hanyang.ac.kr,010-6038-2703,102,L,1,자연계열,1,200,302,2,1
2026463251,고지우,student098@hanyang.ac.kr,010-6038-2703,102,L,1,자연계열,2,302,200,3,2
2026348273,양승현,student099@hanyang.ac.kr,010-6211-8417,100,L,1,자연계열,1,302,403,1,5
2026348273,양승현,student099@hanyang.ac.kr,010-6211-8417,100,L,1,자연계열,2,302,403,3,5
2026360276,강서준,student100@hanyang.ac.kr,010-7625-8408,102,L,1,자연계열,1,204,210,3,1
2026360276,강서준,student100@hanyang.ac.kr,010-7625-8408,102,L,1,자연계열,2,210,204,3,2
2026196446,이준우,student101@hanyang.ac.kr,010-8096-7471,102,L,1,자연계열,1,402,303,3,2
2026196446,이준우,student101@hanyang.ac.kr,010-8096-7471,102,L,1,자연계열,2,402,303,3,2
2026120478,오다은,student102@hanyang.ac.kr,010-9231-6269,102,L,1,자연계열,1,402,407,3,2
2026120478,오다은,student102@hanyang.ac.kr,010-9231-6269,102,L,1,자연계열,2,402,407,3,4
2026945372,류다은,student103@hanyang.ac.kr,010-3328-4084,102,L,1,자연계열,1,205,207,2,3
2026945372,류다은,student103@hanyang.ac.kr,010-3328-4084,102,L,1,자연계열,2,205,207,2,5
2026482614,한정우,student104@hanyang.ac.kr,010-6285-3235,102,L,1,자연계열,1,406,203,3,5
2026482614,한정우,student104@hanyang.ac.kr,010-6285-3235,102,L,1,자연계열,2,406,203,3,5
2026408823,손다은,student105@hanyang.ac.kr,010-1530-3983,102,L,1,자연계열,1,301,209,1,5
2026408823,손다은,student105@hanyang.ac.kr,010-1530-3983,102,L,1,자연계열,2,301,209,3,5
2026559507,오지윤,student106@hanyang.ac.kr,010-7149-2661,101,L,1,인문사회계열,1,501,500,2,5
2026559507,오지윤,student106@hanyang.ac.kr,010-7149-2661,101,L,1,인문사회계열,2,501,500,3,5
2026178645,황다인,student107@hanyang.ac.kr,010-1507-8066,101,L,1,인문사회계열,1,502,603,2,1
2026178645,황다인,student107@hanyang.ac.kr,010-1507-8066,101,L,1,인문사회계열,2,502,603,3,3
2026529161,임선우,student108@hanyang.ac.kr,010-2571-1813,100,L,1,자연계열,1,210,206,2,4
2026529161,임선우,student108@hanyang.ac.kr,010-2571-1813,100,L,1,자연계열,2,210,206,3,5
2026293862,권서진,student109@hanyang.ac.kr,010-4706-5400,101,L,1,인문사회계열,1,802,501,1,1
2026293862,권서진,student109@hanyang.ac.kr,010-4706-5400,101,L,1,인문사회계열,2,501,802,2,1
2026995420,전준서,student110@hanyang.ac.kr,010-2970-8357,102,L,1,자연계열,1,304,209,2,5
2026995420,전준서,student110@hanyang.ac.kr,010-2970-8357,102,L,1,자연계열,2,304,209,2,5
2026694116,최시아,student111@hanyang.ac.kr,010-5687-9775,101,L,1,인문사회계열,1,501,603,2,5
2026694116,최시아,student111@hanyang.ac.kr,010-5687-9775,101,L,1,인문사회계열,2,501,603,3,5
2026827356,양윤서,student112@hanyang.ac.kr,010-5400-7102,101,L,1,인문사회계열,1,801,502,1,4
2026827356,양윤서,student112@hanyang.ac.kr,010-5400-7102,101,L,1,인문사회계열,2,502,801,2,5
2026168804,김현우,student113@hanyang.ac.kr,010-4158-4288,101,L,1,인문사회계열,1,500,800,1,1
2026168804,김현우,student113@hanyang.ac.kr,010-4158-4288,101,L,1,인문사회계열,2,500,800,2,3
2026597635,문하준,student114@hanyang.ac.kr,010-5670-1449,101,L,1,인문사회계열,1,801,700,2,1
2026597635,문하준,student114@hanyang.ac.kr,010-5670-1449,101,L,1,인문사회계열,2,801,700,2,2
2026420297,권서진,student115@hanyang.ac.kr,010-4575-8646,102,L,1,자연계열,1,208,401,2,2
2026420297,권서진,student115@hanyang.ac.kr,010-4575-8646,102,L,1,자연계열,2,208,401,3,3
2026409963,류혜원,student116@hanyang.ac.kr,010-4111-6622,102,L,1,자연계열,1,405,200,1,2
2026409963,류혜원,student116@hanyang.ac.kr,010-4111-6622,102,L,1,자연계열,2,405,200,2,2
2026714015,전시우,student117@hanyang.ac.kr,010-8736-4187,101,L,1,인문사회계열,1,603,602,1,2
2026714015,전시우,student117@hanyang.ac.kr,010-8736-4187,101,L,1,인문사회계열,2,603,602,3,4
2026428638,강채원,student118@hanyang.ac.kr,010-2442-3120,100,L,1,인문사회계열,1,602,802,2,2
2026428638,강채원,student118@hanyang.ac.kr,010-2442-3120,100,L,1,인문사회계열,2,602,802,2,2
2026420984,안수빈,student119@hanyang.ac.kr,010-9587-6535,102,L,1,자연계열,1,203,301,1,2
2026420984,안수빈,student119@hanyang.ac.kr,010-9587-6535,102,L,1,자연계열,2,203,301,3,3
2026565897,고예린,student120@hanyang.ac.kr,010-1152-5933,102,L,1,자연계열,1,404,201,1,2
2026565897,고예린,student120@hanyang.ac.kr,010-1152-5933,102,L,1,자연계열,2,201,404,2,2
2026804258,박서아,student121@hanyang.ac.kr,010-9383-2229,101,L,1,인문사회계열,1,600,602,1,3
2026804258,박서아,student121@hanyang.ac.kr,010-9383-2229,101,L,1,인문사회계열,2,602,600,1,4
2026381342,서지유,student122@hanyang.ac.kr,010-5453-7319,100,L,1,인문사회계열,1,700,602,3,4
2026381342,서지유,student122@hanyang.ac.kr,010-5453-7319,100,L,1,인문사회계열,2,602,700,3,4
2026786789,류우진,student123@hanyang.ac.kr,010-6542-9504,101,L,1,인문사회계열,1,700,500,1,3
2026786789,류우진,student123@hanyang.ac.kr,010-6542-9504,101,L,1,인문사회계열,2,700,500,3,5
2026152796,권은채,student124@hanyang.ac.kr,010-8341-2442,101,L,1,인문사회계열,1,600,602,2,2
2026152796,권은채,student124@hanyang.ac.kr,010-8341-2442,101,L,1,인문사회계열,2,602,600,3,2
2026956255,문가은,student125@hanyang.ac.kr,010-6952-8414,101,L,1,인문사회계열,1,602,803,1,3
2026956255,문가은,student125@hanyang.ac.kr,010-6952-8414,101,L,1,인문사회계열,2,602,803,2,5
2026919378,백유나,student126@hanyang.ac.kr,010-3018-8381,102,L,1,자연계열,1,301,206,1,4
2026919378,백유나,student126@hanyang.ac.kr,010-3018-8381,102,L,1,자연계열,2,301,206,2,4
2026239850,문은서,student127@hanyang.ac.kr,010-6143-4560,101,L,1,인문사회계열,1,601,602,1,5
2026239850,문은서,student127@hanyang.ac.kr,010-6143-4560,101,L,1,인문사회계열,2,602,601,3,5
2026159354,정나윤,student128@hanyang.ac.kr,010-2016-5835,102,L,1,자연계열,1,301,204,1,1
2026159354,정나윤,student128@hanyang.ac.kr,010-2016-5835,102,L,1,자연계열,2,301,204,3,2
2026779091,조유준,student129@hanyang.ac.kr,010-8353-3906,101,L,1,인문사회계열,1,600,802,1,4
2026779091,조유준,student129@hanyang.ac.kr,010-8353-3906,101,L,1,인문사회계열,2,600,802,3,4
2026236384,정도윤,student130@hanyang.ac.kr,010-3518-6285,102,L,1,자연계열,1,302,208,1,1
2026236384,정도윤,student130@hanyang.ac.kr,010-3518-6285,102,L,1,자연계열,2,302,208,3,2
2026889216,고서연,student131@hanyang.ac.kr,010-8301-4937,101,L,1,인문사회계열,1,803,602,2,3
2026889216,고서연,student131@hanyang.ac.kr,010-8301-4937,101,L,1,인문사회계열,2,602,803,2,5
2026200617,조가은,student132@hanyang.ac.kr,010-4492-7950,102,L,1,자연계열,1,210,306,1,3
2026200617,조가은,student132@hanyang.ac.kr,010-4492-7950,102,L,1,자연계열,2,210,306,3,3
2026806004,류도윤,student133@hanyang.ac.kr,010-2189-6860,101,L,1,인문사회계열,1,603,602,1,4
2026806004,류도윤,student133@hanyang.ac.kr,010-2189-6860,101,L,1,인문사회계열,2,603,602,1,4
2026990731,배아인,student134@hanyang.ac.kr,010-7113-1182,102,L,1,자연계열,1,405,301,2,1
2026990731,배아인,student134@hanyang.ac.kr,010-7113-1182,102,L,1,자연계열,2,405,301,3,3
2026202972,홍선우,student135@hanyang.ac.kr,010-2639-5671,102,L,1,자연계열,1,403,209,1,5
2026202972,홍선우,student135@hanyang.ac.kr,010-2639-5671,102,L,1,자연계열,2,209,403,3,5
2026776909,조서진,student136@hanyang.ac.kr,010-2252-2235,101,L,1,인문사회계열,1,700,800,2,4
2026776909,조서진,student136@hanyang.ac.kr,010-2252-2235,101,L,1,인문사회계열,2,700,800,3,4
2026194952,손수아,student137@hanyang.ac.kr,010-3299-8310,101,L,1,인문사회계열,1,502,700,1,3
2026194952,손수아,student137@hanyang.ac.kr,010-3299-8310,101,L,1,인문사회계열,2,502,700,2,5
2026386780,서서윤,student138@hanyang.ac.kr,010-2275-9465,101,L,1,인문사회계열,1,501,800,2,3
2026386780,서서윤,student138@hanyang.ac.kr,010-2275-9465,101,L,1,인문사회계열,2,501,800,2,3
2026257538,신은채,student139@hanyang.ac.kr,010-6410-2856,102,L,1,자연계열,1,306,402,1,3
2026257538,신은채,student139@hanyang.ac.kr,010-6410-2856,102,L,1,자연계열,2,306,402,2,3
2026605065,강소율,student140@hanyang.ac.kr,010-9369-5333,100,L,1,자연계열,1,303,401,1,3
2026605065,강소율,student140@hanyang.ac.kr,010-9369-5333,100,L,1,자연계열,2,303,401,3,5
2026647403,배윤서,student141@hanyang.ac.kr,010-7246-6742,102,L,1,자연계열,1,403,406,1,3
2026647403,배윤서,student141@hanyang.ac.kr,010-7246-6742,102,L,1,자연계열,2,406,403,3,4
2026479867,신다은,student142@hanyang.ac.kr,010-6990-5514,102,L,1,자연계열,1,404,407,1,3
2026479867,신다은,student142@hanyang.ac.kr,010-6990-5514,102,L,1,자연계열,2,404,407,2,4
2026911801,윤민서,student143@hanyang.ac.kr,010-3650-2642,101,L,1,인문사회계열,1,803,601,2,4
2026911801,윤민서,student143@hanyang.ac.kr,010-3650-2642,101,L,1,인문사회계열,2,601,803,3,5
2026859687,전예준,student144@hanyang.ac.kr,010-3871-9099,102,L,1,자연계열,1,202,300,1,3
2026859687,전예준,student144@hanyang.ac.kr,010-3871-9099,102,L,1,자연계열,2,300,202,3,5
2026970071,조지유,student145@hanyang.ac.kr,010-7618-1076,102,L,1,자연계열,1,307,202,2,2
2026970071,조지유,student145@hanyang.ac.kr,010-7618-1076,102,L,1,자연계열,2,202,307,3,3
2026331087,김지민,student146@hanyang.ac.kr,010-5314-5067,102,L,1,자연계열,1,301,402,2,2
2026331087,김지민,student146@hanyang.ac.kr,010-5314-5067,102,L,1,자연계열,2,301,402,2,3
2026211871,손가연,student147@hanyang.ac.kr,010-9871-1692,102,L,1,자연계열,1,401,300,1,5
2026211871,손가연,student147@hanyang.ac.kr,010-9871-1692,102,L,1,자연계열,2,401,300,1,5
2026819678,문민준,student148@hanyang.ac.kr,010-1193-4452,102,L,1,자연계열,1,306,300,2,1
2026819678,문민준,student148@hanyang.ac.kr,010-1193-4452,102,L,1,자연계열,2,306,300,2,3
2026682316,배민준,student149@hanyang.ac.kr,010-3893-7906,102,L,1,자연계열,1,208,405,1,1
2026682316,배민준,student149@hanyang.ac.kr,010-3893-7906,102,L,1,자연계열,2,405,208,2,3
2026308622,고수아,student150@hanyang.ac.kr,010-8987-8322,100,L,1,자연계열,1,300,403,2,3
2026308622,고수아,student150@hanyang.ac.kr,010-8987-8322,100,L,1,자연계열,2,300,403,3,4
2026734792,안민서,student151@hanyang.ac.kr,010-7782-3741,101,L,1,인문사회계열,1,802,601,2,2
2026734792,안민서,student151@hanyang.ac.kr,010-7782-3741,101,L,1,인문사회계열,2,802,601,2,3
2026508783,안나윤,student152@hanyang.ac.kr,010-3795-1468,101,L,1,인문사회계열,1,502,801,1,2
2026508783,안나윤,student152@hanyang.ac.kr,010-3795-1468,101,L,1,인문사회계열,2,801,502,2,4
2026563324,백윤아,student153@hanyang.ac.kr,010-3233-6634,101,L,1,인문사회계열,1,600,800,1,1
2026563324,백윤아,student153@hanyang.ac.kr,010-3233-6634,101,L,1,인문사회계열,2,800,600,2,1
2026542750,고연우,student154@hanyang.ac.kr,010-5664-9715,101,L,1,인문사회계열,1,603,600,2,4
2026542750,고연우,student154@hanyang.ac.kr,010-5664-9715,101,L,1,인문사회계열,2,603,600,2,5
2026660957,양민준,student155@hanyang.ac.kr,010-4814-2477,101,L,1,인문사회계열,1,500,502,1,2
2026660957,양민준,student155@hanyang.ac.kr,010-4814-2477,101,L,1,인문사회계열,2,500,502,3,2
2026982417,손민서,student156@hanyang.ac.kr,010-5049-1549,102,L,1,자연계열,1,304,307,1,1
2026982417,손민서,student156@hanyang.ac.kr,010-5049-1549,102,L,1,자연계열,2,307,304,2,3
2026713099,문윤서,student157@hanyang.ac.kr,010-3539-7084,101,L,1,인문사회계열,1,500,502,1,1
2026713099,문윤서,student157@hanyang.ac.kr,010-3539-7084,101,L,1,인문사회계열,2,500,502,3,1
2026893454,오아인,student158@hanyang.ac.kr,010-3207-5107,102,L,1,자연계열,1,210,307,1,4
2026893454,오아인,student158@hanyang.ac.kr,010-3207-5107,102,L,1,자연계열,2,210,307,3,4
2026667915,김소율,student159@hanyang.ac.kr,010-6965-4912,102,L,1,자연계열,1,303,209,1,3
2026667915,김소율,student159@hanyang.ac.kr,010-6965-4912,102,L,1,자연계열,2,303,209,1,4
2026789880,전다인,student160@hanyang.ac.kr,010-2161-1214,102,L,1,자연계열,1,400,402,1,3
2026789880,전다인,student160@hanyang.ac.kr,010-2161-1214,102,L,1,자연계열,2,400,402,3,3
2026360846,최서아,student161@hanyang.ac.kr,010-6864-8515,101,L,1,인문사회계열,1,600,803,2,3
2026360846,최서아,student161@hanyang.ac.kr,010-6864-8515,101,L,1,인문사회계열,2,600,803,3,5
2026439162,장서윤,student162@hanyang.ac.kr,010-8412-8331,101,L,1,인문사회계열,1,802,603,2,1
2026439162,장서윤,student162@hanyang.ac.kr,010-8412-8331,101,L,1,인문사회계열,2,802,603,3,3
2026332665,송수아,student163@hanyang.ac.kr,010-3534-2544,102,L,1,자연계열,1,209,200,1,4
2026332665,송수아,student163@hanyang.ac.kr,010-3534-2544,102,L,1,자연계열,2,209,200,2,5
2026956835,허수빈,student164@hanyang.ac.kr,010-1187-7266,102,L,1,자연계열,1,406,210,1,1
2026956835,허수빈,student164@hanyang.ac.kr,010-1187-7266,102,L,1,자연계열,2,406,210,3,1
2026598969,신서아,student165@hanyang.ac.kr,010-3136-3209,101,L,1,인문사회계열,1,502,803,2,2
2026598969,신서아,student165@hanyang.ac.kr,010-3136-3209,101,L,1,인문사회계열,2,502,803,2,2
2026466704,백우진,student166@hanyang.ac.kr,010-4271-7124,102,L,1,자연계열,1,406,209,2,2
2026466704,백우진,student166@hanyang.ac.kr,010-4271-7124,102,L,1,자연계열,2,406,209,3,2
2026371222,김지우,student167@hanyang.ac.kr,010-9631-1712,102,L,1,자연계열,1,206,307,2,5
2026371222,김지우,student167@hanyang.ac.kr,010-9631-1712,102,L,1,자연계열,2,206,307,3,5
2026419739,오예린,student168@hanyang.ac.kr,010-5953-4869,100,L,1,자연계열,1,201,207,1,1
2026419739,오예린,student168@hanyang.ac.kr,010-5953-4869,100,L,1,자연계열,2,201,207,2,2
2026511929,홍유나,student169@hanyang.ac.kr,010-4726-7837,101,L,1,인문사회계열,1,600,502,2,2
2026511929,홍유나,student169@hanyang.ac.kr,010-4726-7837,101,L,1,인문사회계열,2,600,502,2,4
2026432918,정아인,student170@hanyang.ac.kr,010-1483-6221,100,L,1,자연계열,1,402,400,1,3
2026432918,정아인,student170@hanyang.ac.kr,010-1483-6221,100,L,1,자연계열,2,402,400,2,3
2026987240,정준우,student171@hanyang.ac.kr,010-4166-4707,101,L,1,인문사회계열,1,501,700,2,2
2026987240,정준우,student171@hanyang.ac.kr,010-4166-4707,101,L,1,인문사회계열,2,501,700,3,3
2026737460,류수빈,student172@hanyang.ac.kr,010-9784-9605,102,L,1,자연계열,1,302,301,2,2
2026737460,류수빈,student172@hanyang.ac.kr,010-9784-9605,102,L,1,자연계열,2,302,301,2,4
2026742917,권하준,student173@hanyang.ac.kr,010-9202-2854,101,L,1,인문사회계열,1,700,502,3,5
2026742917,권하준,student173@hanyang.ac.kr,010-9202-2854,101,L,1,인문사회계열,2,700,502,3,5
2026862182,이서아,student174@hanyang.ac.kr,010-3799-6491,101,L,1,인문사회계열,1,501,800,2,5
2026862182,이서아,student174@hanyang.ac.kr,010-3799-6491,101,L,1,인문사회계열,2,501,800,2,5
2026365406,황선우,student175@hanyang.ac.kr,010-4553-8794,102,L,1,자연계열,1,206,200,1,3
2026365406,황선우,student175@hanyang.ac.kr,010-4553-8794,102,L,1,자연계열,2,206,200,2,3
2026497346,정지호,student176@hanyang.ac.kr,010-5496-6393,102,L,1,자연계열,1,209,406,2,4
2026497346,정지호,student176@hanyang.ac.kr,010-5496-6393,102,L,1,자연계열,2,406,209,3,4
2026644951,임도현,student177@hanyang.ac.kr,010-1025-2936,101,L,1,인문사회계열,1,801,502,2,4
2026644951,임도현,student177@hanyang.ac.kr,010-1025-2936,101,L,1,인문사회계열,2,502,801,2,5
2026859584,한유나,student178@hanyang.ac.kr,010-8849-8774,102,L,1,자연계열,1,403,210,2,4
2026859584,한유나,student178@hanyang.ac.kr,010-8849-8774,102,L,1,자연계열,2,403,210,3,4
2026983326,손정우,student179@hanyang.ac.kr,010-6152-1518,102,L,1,자연계열,1,210,301,1,1
2026983326,손정우,student179@hanyang.ac.kr,010-6152-1518,102,L,1,자연계열,2,210,301,3,1
2026203024,이지유,student180@hanyang.ac.kr,010-7350-9558,101,L,1,인문사회계열,1,502,602,2,3
2026203024,이지유,student180@hanyang.ac.kr,010-7350-9558,101,L,1,인문사회계열,2,602,502,3,3
2026220020,송승현,student181@hanyang.ac.kr,010-5440-3319,102,L,1,자연계열,1,208,204,1,3
2026220020,송승현,student181@hanyang.ac.kr,010-5440-3319,102,L,1,자연계열,2,208,204,3,3
2026808308,전예은,student182@hanyang.ac.kr,010-8304-6826,102,L,1,자연계열,1,200,204,1,1
2026808308,전예은,student182@hanyang.ac.kr,010-8304-6826,102,L,1,자연계열,2,204,200,2,2
2026440536,허준우,student183@hanyang.ac.kr,010-5624-6711,101,L,1,인문사회계열,1,502,802,1,2
2026440536,허준우,student183@hanyang.ac.kr,010-5624-6711,101,L,1,인문사회계열,2,502,802,1,3
2026556501,박하린,student184@hanyang.ac.kr,010-8972-2873,102,L,1,자연계열,1,404,400,2,3
2026556501,박하린,student184@hanyang.ac.kr,010-8972-2873,102,L,1,자연계열,2,404,400,2,3
2026305171,신다인,student185@hanyang.ac.kr,010-6640-2462,101,L,1,인문사회계열,1,603,801,1,2
2026305171,신다인,student185@hanyang.ac.kr,010-6640-2462,101,L,1,인문사회계열,2,603,801,3,4
2026433580,황지후,student186@hanyang.ac.kr,010-4083-7301,101,L,1,인문사회계열,1,803,801,2,2
2026433580,황지후,student186@hanyang.ac.kr,010-4083-7301,101,L,1,인문사회계열,2,803,801,2,2
2026578180,안하윤,student187@hanyang.ac.kr,010-8373-7303,102,L,1,자연계열,1,402,204,3,5
2026578180,안하윤,student187@hanyang.ac.kr,010-8373-7303,102,L,1,자연계열,2,204,402,3,5
2026595401,배예은,student188@hanyang.ac.kr,010-6119-1864,102,L,1,자연계열,1,306,401,2,3
2026595401,배예은,student188@hanyang.ac.kr,010-6119-1864,102,L,1,자연계열,2,306,401,3,5
2026608307,전연우,student189@hanyang.ac.kr,010-5509-5209,101,L,1,인문사회계열,1,801,803,1,4
2026608307,전연우,student189@hanyang.ac.kr,010-5509-5209,101,L,1,인문사회계열,2,803,801,2,5
2026907789,양나윤,student190@hanyang.ac.kr,010-6653-1890,100,L,1,자연계열,1,406,304,1,4
2026907789,양나윤,student190@hanyang.ac.kr,010-6653-1890,100,L,1,자연계열,2,304,406,3,4
2026985249,배주원,student191@hanyang.ac.kr,010-5183-7408,102,L,1,자연계열,1,402,307,1,4
2026985249,배주원,student191@hanyang.ac.kr,010-5183-7408,102,L,1,자연계열,2,307,402,3,5
2026976042,전지후,student192@hanyang.ac.kr,010-7159-4027,102,L,1,자연계열,1,401,201,1,1
2026976042,전지후,student192@hanyang.ac.kr,010-7159-4027,102,L,1,자연계열,2,201,401,3,1
2026310416,신건우,student193@hanyang.ac.kr,010-2740-8234,100,L,1,인문사회계열,1,501,700,2,3
2026310416,신건우,student193@hanyang.ac.kr,010-2740-8234,100,L,1,인문사회계열,2,501,700,2,3
2026702553,허아인,student194@hanyang.ac.kr,010-2148-9849,100,L,1,자연계열,1,404,210,1,4
2026702553,허아인,student194@hanyang.ac.kr,010-2148-9849,100,L,1,자연계열,2,404,210,3,5
2026211954,조지후,student195@hanyang.ac.kr,010-1584-4163,102,L,1,자연계열,1,209,404,2,1
2026211954,조지후,student195@hanyang.ac.kr,010-1584-4163,102,L,1,자연계열,2,209,404,2,3
2026748410,임혜원,student196@hanyang.ac.kr,010-2594-8474,101,L,1,인문사회계열,1,802,500,1,1
2026748410,임혜원,student196@hanyang.ac.kr,010-2594-8474,101,L,1,인문사회계열,2,802,500,3,1
2026451801,송준우,student197@hanyang.ac.kr,010-8187-4991,102,L,1,자연계열,1,406,201,1,4
2026451801,송준우,student197@hanyang.ac.kr,010-8187-4991,102,L,1,자연계열,2,406,201,2,4
2026532046,황소율,student198@hanyang.ac.kr,010-2442-5934,102,L,1,자연계열,1,208,402,1,3
2026532046,황소율,student198@hanyang.ac.kr,010-2442-5934,102,L,1,자연계열,2,402,208,2,5
2026555786,양예준,student199@hanyang.ac.kr,010-9804-3881,102,L,1,자연계열,1,300,402,1,5
2026555786,양예준,student199@hanyang.ac.kr,010-9804-3881,102,L,1,자연계열,2,402,300,3,5
2026577092,장도현,student200@hanyang.ac.kr,010-6503-3084,100,L,1,인문사회계열,1,502,600,1,2
2026577092,장도현,student200@hanyang.ac.kr,010-6503-3084,100,L,1,인문사회계열,2,502,600,2,2
2026392731,류우진,student201@hanyang.ac.kr,010-3440-1083,102,L,1,자연계열,1,400,304,1,4
2026392731,류우진,student201@hanyang.ac.kr,010-3440-1083,102,L,1,자연계열,2,400,304,2,4
2026581592,정다인,student202@hanyang.ac.kr,010-7641-4030,101,L,1,인문사회계열,1,802,601,3,1
2026581592,정다인,student202@hanyang.ac.kr,010-7641-4030,101,L,1,인문사회계열,2,802,601,3,2
2026452001,이지호,student203@hanyang.ac.kr,010-7274-6989,102,L,1,자연계열,1,407,403,2,5
2026452001,이지호,student203@hanyang.ac.kr,010-7274-6989,102,L,1,자연계열,2,407,403,2,5
2026461996,고혜원,student204@hanyang.ac.kr,010-9730-5788,101,L,1,인문사회계열,1,601,500,1,4
2026461996,고혜원,student204@hanyang.ac.kr,010-9730-5788,101,L,1,인문사회계열,2,601,500,2,5
2026123792,신민서,student205@hanyang.ac.kr,010-1351-5776,100,L,1,자연계열,1,206,306,1,3
2026123792,신민서,student205@hanyang.ac.kr,010-1351-5776,100,L,1,자연계열,2,206,306,3,3
2026432006,이가은,student206@hanyang.ac.kr,010-6192-6633,102,L,1,자연계열,1,207,203,2,2
2026432006,이가은,student206@hanyang.ac.kr,010-6192-6633,102,L,1,자연계열,2,207,203,2,2
2026692688,이지후,student207@hanyang.ac.kr,010-2914-6047,101,L,1,인문사회계열,1,801,802,2,2
2026692688,이지후,student207@hanyang.ac.kr,010-2914-6047,101,L,1,인문사회계열,2,801,802,3,2
2026734470,허하윤,student208@hanyang.ac.kr,010-7056-7326,101,L,1,인문사회계열,1,700,600,2,3
2026734470,허하윤,student208@hanyang.ac.kr,010-7056-7326,101,L,1,인문사회계열,2,600,700,2,4
2026250616,류윤아,student209@hanyang.ac.kr,010-7156-2449,101,L,1,인문사회계열,1,801,502,1,4
2026250616,류윤아,student209@hanyang.ac.kr,010-7156-2449,101,L,1,인문사회계열,2,502,801,2,5
2026974767,황지민,student210@hanyang.ac.kr,010-5009-1466,100,L,1,자연계열,1,208,209,2,3
2026974767,황지민,student210@hanyang.ac.kr,010-5009-1466,100,L,1,자연계열,2,208,209,2,4
2026473276,손예린,student211@hanyang.ac.kr,010-4002-2548,100,L,1,인문사회계열,1,603,802,1,3
2026473276,손예린,student211@hanyang.ac.kr,010-4002-2548,100,L,1,인문사회계열,2,603,802,2,3
2026270948,송소율,student212@hanyang.ac.kr,010-9612-9717,100,L,1,인문사회계열,1,603,602,1,2
2026270948,송소율,student212@hanyang.ac.kr,010-9612-9717,100,L,1,인문사회계열,2,603,602,2,2
2026249274,손시아,student213@hanyang.ac.kr,010-2830-2273,102,L,1,자연계열,1,207,204,2,1
2026249274,손시아,student213@hanyang.ac.kr,010-2830-2273,102,L,1,자연계열,2,207,204,2,1
2026882445,손아인,student214@hanyang.ac.kr,010-4962-9272,101,L,1,인문사회계열,1,500,501,3,2
2026882445,손아인,student214@hanyang.ac.kr,010-4962-9272,101,L,1,인문사회계열,2,500,501,3,2
2026289633,최윤아,student215@hanyang.ac.kr,010-6149-3025,100,L,1,자연계열,1,403,303,2,2
2026289633,최윤아,student215@hanyang.ac.kr,010-6149-3025,100,L,1,자연계열,2,303,403,3,4
2026515623,문예은,student216@hanyang.ac.kr,010-2666-3764,102,L,1,자연계열,1,403,304,1,1
2026515623,문예은,student216@hanyang.ac.kr,010-2666-3764,102,L,1,자연계열,2,403,304,3,1
2026621429,박채원,student217@hanyang.ac.kr,010-1438-3934,101,L,1,인문사회계열,1,803,501,1,1
2026621429,박채원,student217@hanyang.ac.kr,010-1438-3934,101,L,1,인문사회계열,2,501,803,3,3
2026666785,최지우,student218@hanyang.ac.kr,010-8374-6153,101,L,1,인문사회계열,1,800,602,2,1
2026666785,최지우,student218@hanyang.ac.kr,010-8374-6153,101,L,1,인문사회계열,2,800,602,3,2
2026214695,황은서,student219@hanyang.ac.kr,010-3560-9301,101,L,1,인문사회계열,1,803,603,2,3
2026214695,황은서,student219@hanyang.ac.kr,010-3560-9301,101,L,1,인문사회계열,2,803,603,2,5
2026531939,박지민,student220@hanyang.ac.kr,010-2073-5995,100,L,1,자연계열,1,302,300,1,2
2026531939,박지민,student220@hanyang.ac.kr,010-2073-5995,100,L,1,자연계열,2,302,300,3,4
2026799806,홍가연,student221@hanyang.ac.kr,010-2234-9779,101,L,1,인문사회계열,1,800,700,1,2
2026799806,홍가연,student221@hanyang.ac.kr,010-2234-9779,101,L,1,인문사회계열,2,700,800,3,3
2026575244,허현우,student222@hanyang.ac.kr,010-9178-4489,101,L,1,인문사회계열,1,603,601,2,5
2026575244,허현우,student222@hanyang.ac.kr,010-9178-4489,101,L,1,인문사회계열,2,603,601,2,5
2026777424,조서준,student223@hanyang.ac.kr,010-5023-6087,102,L,1,자연계열,1,208,302,1,2
2026777424,조서준,student223@hanyang.ac.kr,010-5023-6087,102,L,1,자연계열,2,302,208,3,2
2026194693,양수아,student224@hanyang.ac.kr,010-2976-9551,102,L,1,자연계열,1,300,302,1,4
2026194693,양수아,student224@hanyang.ac.kr,010-2976-9551,102,L,1,자연계열,2,302,300,3,4
2026158642,황유나,student225@hanyang.ac.kr,010-5036-5550,100,L,1,인문사회계열,1,603,601,1,5
2026158642,황유나,student225@hanyang.ac.kr,010-5036-5550,100,L,1,인문사회계열,2,603,601,2,5
2026818534,서서진,student226@hanyang.ac.kr,010-5929-2478,100,L,1,인문사회계열,1,602,802,1,4
2026818534,서서진,student226@hanyang.ac.kr,010-5929-2478,100,L,1,인문사회계열,2,802,602,3,5
2026960085,전아인,student227@hanyang.ac.kr,010-9973-6353,100,L,1,인문사회계열,1,602,603,1,2
2026960085,전아인,student227@hanyang.ac.kr,010-9973-6353,100,L,1,인문사회계열,2,602,603,2,2
2026966929,서나윤,student228@hanyang.ac.kr,010-4677-1339,102,L,1,자연계열,1,205,208,1,1
2026966929,서나윤,student228@hanyang.ac.kr,010-4677-1339,102,L,1,자연계열,2,208,205,2,2
2026278386,권혜원,student229@hanyang.ac.kr,010-9096-2941,100,L,1,인문사회계열,1,502,501,3,3
2026278386,권혜원,student229@hanyang.ac.kr,010-9096-2941,100,L,1,인문사회계열,2,502,501,3,4
2026360380,허승현,student230@hanyang.ac.kr,010-7513-4476,101,L,1,인문사회계열,1,600,801,1,2
2026360380,허승현,student230@hanyang.ac.kr,010-7513-4476,101,L,1,인문사회계열,2,600,801,3,2
2026686741,권지후,student231@hanyang.ac.kr,010-2468-6198,101,L,1,인문사회계열,1,603,802,1,1
2026686741,권지후,student231@hanyang.ac.kr,010-2468-6198,101,L,1,인문사회계열,2,603,802,2,2
2026615138,권예준,student232@hanyang.ac.kr,010-4095-3435,101,L,1,인문사회계열,1,502,602,2,4
2026615138,권예준,student232@hanyang.ac.kr,010-4095-3435,101,L,1,인문사회계열,2,502,602,2,5
2026289430,류건우,student233@hanyang.ac.kr,010-1067-9618,100,L,1,인문사회계열,1,501,600,2,4
2026289430,류건우,student233@hanyang.ac.kr,010-1067-9618,100,L,1,인문사회계열,2,501,600,3,5
2026582589,김시윤,student234@hanyang.ac.kr,010-1718-8423,102,L,1,자연계열,1,210,204,2,2
2026582589,김시윤,student234@hanyang.ac.kr,010-1718-8423,102,L,1,자연계열,2,210,204,3,3
2026785836,임유나,student235@hanyang.ac.kr,010-3151-6882,101,L,1,인문사회계열,1,601,802,1,4
2026785836,임유나,student235@hanyang.ac.kr,010-3151-6882,101,L,1,인문사회계열,2,601,802,2,5
2026809298,홍지아,student236@hanyang.ac.kr,010-2375-5762,100,L,1,자연계열,1,306,210,1,1
2026809298,홍지아,student236@hanyang.ac.kr,010-2375-5762,100,L,1,자연계열,2,306,210,3,2
2026924366,류아인,student237@hanyang.ac.kr,010-8454-8371,102,L,1,자연계열,1,403,405,1,1
2026924366,류아인,student237@hanyang.ac.kr,010-8454-8371,102,L,1,자연계열,2,405,403,2,3
2026300070,홍준서,student238@hanyang.ac.kr,010-4961-8139,101,L,1,인문사회계열,1,502,501,1,5
2026300070,홍준서,student238@hanyang.ac.kr,010-4961-8139,101,L,1,인문사회계열,2,501,502,1,5
2026697091,문하윤,student239@hanyang.ac.kr,010-7810-9121,101,L,1,인문사회계열,1,801,600,2,2
2026697091,문하윤,student239@hanyang.ac.kr,010-7810-9121,101,L,1,인문사회계열,2,801,600,2,2
2026779792,문하윤,student240@hanyang.ac.kr,010-1340-3643,101,L,1,인문사회계열,1,800,501,1,3
2026779792,문하윤,student240@hanyang.ac.kr,010-1340-3643,101,L,1,인문사회계열,2,800,501,2,5
2026396177,전채원,student241@hanyang.ac.kr,010-2653-7815,101,L,1,인문사회계열,1,502,700,2,3
2026396177,전채원,student241@hanyang.ac.kr,010-2653-7815,101,L,1,인문사회계열,2,700,502,2,3
2026968167,전우진,student242@hanyang.ac.kr,010-2977-4671,101,L,1,인문사회계열,1,602,802,3,4
2026968167,전우진,student242@hanyang.ac.kr,010-2977-4671,101,L,1,인문사회계열,2,602,802,3,5
2026406313,오시윤,student243@hanyang.ac.kr,010-3257-3014,102,L,1,자연계열,1,300,206,2,3
2026406313,오시윤,student243@hanyang.ac.kr,010-3257-3014,102,L,1,자연계열,2,206,300,3,3
2026852485,손준우,student244@hanyang.ac.kr,010-8111-2007,102,L,1,자연계열,1,303,204,2,1
2026852485,손준우,student244@hanyang.ac.kr,010-8111-2007,102,L,1,자연계열,2,303,204,3,2
2026416178,정지아,student245@hanyang.ac.kr,010-9860-5651,101,L,1,인문사회계열,1,802,603,1,2
2026416178,정지아,student245@hanyang.ac.kr,010-9860-5651,101,L,1,인문사회계열,2,802,603,2,4
2026229827,김지유,student246@hanyang.ac.kr,010-6553-4868,101,L,1,인문사회계열,1,601,802,1,1
2026229827,김지유,student246@hanyang.ac.kr,010-6553-4868,101,L,1,인문사회계열,2,601,802,3,2
2026185927,오유나,student247@hanyang.ac.kr,010-9622-7598,102,L,1,자연계열,1,404,302,1,1
2026185927,오유나,student247@hanyang.ac.kr,010-9622-7598,102,L,1,자연계열,2,404,302,2,1
2026487272,류유준,student248@hanyang.ac.kr,010-1659-9565,100,L,1,인문사회계열,1,502,500,3,4
2026487272,류유준,student248@hanyang.ac.kr,010-1659-9565,100,L,1,인문사회계열,2,500,502,3,4
2026170846,한시아,student249@hanyang.ac.kr,010-7181-8786,101,L,1,인문사회계열,1,500,501,3,3
2026170846,한시아,student249@hanyang.ac.kr,010-7181-8786,101,L,1,인문사회계열,2,500,501,3,5
2026803011,류예린,student250@hanyang.ac.kr,010-6060-3028,101,L,1,인문사회계열,1,602,800,3,3
2026803011,류예린,student250@hanyang.ac.kr,010-6060-3028,101,L,1,인문사회계열,2,602,800,3,3
2026289276,최지윤,student251@hanyang.ac.kr,010-3755-5675,102,L,1,자연계열,1,200,304,1,2
2026289276,최지윤,student251@hanyang.ac.kr,010-3755-5675,102,L,1,자연계열,2,304,200,3,3
2026587402,김연우,student252@hanyang.ac.kr,010-2663-5035,101,L,1,인문사회계열,1,601,501,2,1
2026587402,김연우,student252@hanyang.ac.kr,010-2663-5035,101,L,1,인문사회계열,2,501,601,2,3
2026969659,황연우,student253@hanyang.ac.kr,010-5110-7228,101,L,1,인문사회계열,1,500,803,2,1
2026969659,황연우,student253@hanyang.ac.kr,010-5110-7228,101,L,1,인문사회계열,2,500,803,3,1
2026393033,한예린,student254@hanyang.ac.kr,010-5282-8417,102,L,1,자연계열,1,204,405,3,3
2026393033,한예린,student254@hanyang.ac.kr,010-5282-8417,102,L,1,자연계열,2,204,405,3,4
2026475354,오도현,student255@hanyang.ac.kr,010-8283-1153,102,L,1,자연계열,1,301,300,1,4
2026475354,오도현,student255@hanyang.ac.kr,010-8283-1153,102,L,1,자연계열,2,300,301,3,4
2026815531,장다은,student256@hanyang.ac.kr,010-4734-9570,102,L,1,자연계열,1,405,403,2,3
2026815531,장다은,student256@hanyang.ac.kr,010-4734-9570,102,L,1,자연계열,2,403,405,2,5
2026431603,양우진,student257@hanyang.ac.kr,010-7943-2219,102,L,1,자연계열,1,208,302,1,1
2026431603,양우진,student257@hanyang.ac.kr,010-7943-2219,102,L,1,자연계열,2,208,302,2,3
2026189689,정예준,student258@hanyang.ac.kr,010-8240-1897,102,L,1,자연계열,1,303,402,3,2
2026189689,정예준,student258@hanyang.ac.kr,010-8240-1897,102,L,1,자연계열,2,402,303,3,4
2026112885,정예린,student259@hanyang.ac.kr,010-9337-5198,101,L,1,인문사회계열,1,801,600,2,4
2026112885,정예린,student259@hanyang.ac.kr,010-9337-5198,101,L,1,인문사회계열,2,801,600,2,4
2026486746,안혜원,student260@hanyang.ac.kr,010-1894-7915,101,L,1,인문사회계열,1,801,601,3,3
2026486746,안혜원,student260@hanyang.ac.kr,010-1894-7915,101,L,1,인문사회계열,2,601,801,3,3
2026927527,윤지유,student261@hanyang.ac.kr,010-4492-4916,101,L,1,인문사회계열,1,501,502,3,5
2026927527,윤지유,student261@hanyang.ac.kr,010-4492-4916,101,L,1,인문사회계열,2,502,501,3,5
2026456324,최서준,student262@hanyang.ac.kr,010-3248-7208,102,L,1,자연계열,1,207,208,2,1
2026456324,최서준,student262@hanyang.ac.kr,010-3248-7208,102,L,1,자연계열,2,207,208,2,1
2026433396,류도현,student263@hanyang.ac.kr,010-9773-5819,102,L,1,자연계열,1,307,301,2,2
2026433396,류도현,student263@hanyang.ac.kr,010-9773-5819,102,L,1,자연계열,2,307,301,3,2
2026847096,류서현,student264@hanyang.ac.kr,010-1599-4394,101,L,1,인문사회계열,1,800,700,1,3
2026847096,류서현,student264@hanyang.ac.kr,010-1599-4394,101,L,1,인문사회계열,2,800,700,3,4
2026751297,한연우,student265@hanyang.ac.kr,010-7264-1404,102,L,1,자연계열,1,400,201,1,2
2026751297,한연우,student265@hanyang.ac.kr,010-7264-1404,102,L,1,자연계열,2,400,201,2,3
2026463470,김윤서,student266@hanyang.ac.kr,010-9399-3445,102,L,1,자연계열,1,406,209,2,2
2026463470,김윤서,student266@hanyang.ac.kr,010-9399-3445,102,L,1,자연계열,2,406,209,2,4
2026873644,신유나,student267@hanyang.ac.kr,010-7608-9808,102,L,1,자연계열,1,204,400,1,4
2026873644,신유나,student267@hanyang.ac.kr,010-7608-9808,102,L,1,자연계열,2,400,204,3,5
2026504639,오지아,student268@hanyang.ac.kr,010-1180-3815,100,L,1,자연계열,1,206,202,1,3
2026504639,오지아,student268@hanyang.ac.kr,010-1180-3815,100,L,1,자연계열,2,206,202,2,3
2026614807,권서연,student269@hanyang.ac.kr,010-5873-7407,100,L,1,자연계열,1,306,210,1,4
2026614807,권서연,student269@hanyang.ac.kr,010-5873-7407,100,L,1,자연계열,2,306,210,3,5
2026917376,김시우,student270@hanyang.ac.kr,010-8567-7244,101,L,1,인문사회계열,1,803,501,1,2
2026917376,김시우,student270@hanyang.ac.kr,010-8567-7244,101,L,1,인문사회계열,2,501,803,2,4
2026960279,임지호,student271@hanyang.ac.kr,010-9759-7403,102,L,1,자연계열,1,303,404,1,4
2026960279,임지호,student271@hanyang.ac.kr,010-9759-7403,102,L,1,자연계열,2,404,303,2,5
2026361829,김시윤,student272@hanyang.ac.kr,010-4148-2035,102,L,1,자연계열,1,301,406,1,1
2026361829,김시윤,student272@hanyang.ac.kr,010-4148-2035,102,L,1,자연계열,2,406,301,2,2
2026112563,오도윤,student273@hanyang.ac.kr,010-2103-4580,102,L,1,자연계열,1,200,301,1,1
2026112563,오도윤,student273@hanyang.ac.kr,010-2103-4580,102,L,1,자연계열,2,200,301,2,2
2026118506,안예은,student274@hanyang.ac.kr,010-1217-4811,101,L,1,인문사회계열,1,802,700,2,2
2026118506,안예은,student274@hanyang.ac.kr,010-1217-4811,101,L,1,인문사회계열,2,802,700,3,4
2026897435,윤가연,student275@hanyang.ac.kr,010-6427-6615,102,L,1,자연계열,1,208,210,1,2
2026897435,윤가연,student275@hanyang.ac.kr,010-6427-6615,102,L,1,자연계열,2,208,210,3,3
2026356822,홍도현,student276@hanyang.ac.kr,010-5454-8883,101,L,1,인문사회계열,1,601,502,1,2
2026356822,홍도현,student276@hanyang.ac.kr,010-5454-8883,101,L,1,인문사회계열,2,601,502,3,4
2026260221,서은서,student277@hanyang.ac.kr,010-8878-2178,102,L,1,자연계열,1,406,209,2,2
2026260221,서은서,student277@hanyang.ac.kr,010-8878-2178,102,L,1,자연계열,2,406,209,2,3
2026270249,문채원,student278@hanyang.ac.kr,010-7032-1945,100,L,1,자연계열,1,203,301,1,2
2026270249,문채원,student278@hanyang.ac.kr,010-7032-1945,100,L,1,자연계열,2,203,301,2,4
2026416900,신윤아,student279@hanyang.ac.kr,010-2456-2790,101,L,1,인문사회계열,1,502,603,2,5
2026416900,신윤아,student279@hanyang.ac.kr,010-2456-2790,101,L,1,인문사회계열,2,502,603,2,5
2026307639,강도현,student280@hanyang.ac.kr,010-1966-3993,102,L,1,자연계열,1,300,205,1,1
2026307639,강도현,student280@hanyang.ac.kr,010-1966-3993,102,L,1,자연계열,2,300,205,2,3
2026143892,손연우,student281@hanyang.ac.kr,010-8961-8753,101,L,1,인문사회계열,1,500,802,1,1
2026143892,손연우,student281@hanyang.ac.kr,010-8961-8753,101,L,1,인문사회계열,2,500,802,2,3
2026245608,윤서윤,student282@hanyang.ac.kr,010-8404-8785,101,L,1,인문사회계열,1,803,603,1,3
2026245608,윤서윤,student282@hanyang.ac.kr,010-8404-8785,101,L,1,인문사회계열,2,803,603,1,5
2026205335,류시아,student283@hanyang.ac.kr,010-9267-1520,100,L,1,인문사회계열,1,700,802,2,1
2026205335,류시아,student283@hanyang.ac.kr,010-9267-1520,100,L,1,인문사회계열,2,700,802,2,1
2026803176,배지민,student284@hanyang.ac.kr,010-6452-4666,102,L,1,자연계열,1,405,208,1,3
2026803176,배지민,student284@hanyang.ac.kr,010-6452-4666,102,L,1,자연계열,2,405,208,1,5
2026299080,배지후,student285@hanyang.ac.kr,010-9515-4639,102,L,1,자연계열,1,209,201,2,2
2026299080,배지후,student285@hanyang.ac.kr,010-9515-4639,102,L,1,자연계열,2,209,201,3,3
2026949566,윤지민,student286@hanyang.ac.kr,010-1861-3933,101,L,1,인문사회계열,1,803,603,1,1
2026949566,윤지민,student286@hanyang.ac.kr,010-1861-3933,101,L,1,인문사회계열,2,803,603,3,3
2026674630,이가연,student287@hanyang.ac.kr,010-5981-8496,101,L,1,인문사회계열,1,601,600,1,4
2026674630,이가연,student287@hanyang.ac.kr,010-5981-8496,101,L,1,인문사회계열,2,601,600,1,5
2026159067,안시은,student288@hanyang.ac.kr,010-6545-8107,100,L,1,인문사회계열,1,802,603,1,1
2026159067,안시은,student288@hanyang.ac.kr,010-6545-8107,100,L,1,인문사회계열,2,603,802,3,1
2026781900,박지호,student289@hanyang.ac.kr,010-9015-9351,100,L,1,자연계열,1,303,406,1,2
2026781900,박지호,student289@hanyang.ac.kr,010-9015-9351,100,L,1,자연계열,2,406,303,3,2
2026665163,최현우,student290@hanyang.ac.kr,010-3948-1087,101,L,1,인문사회계열,1,501,800,2,1
2026665163,최현우,student290@hanyang.ac.kr,010-3948-1087,101,L,1,인문사회계열,2,501,800,3,1
2026415201,권지후,student291@hanyang.ac.kr,010-9035-6127,102,L,1,자연계열,1,302,403,1,5
2026415201,권지후,student291@hanyang.ac.kr,010-9035-6127,102,L,1,자연계열,2,302,403,3,5
2026271252,정지윤,student292@hanyang.ac.kr,010-4338-2156,101,L,1,인문사회계열,1,601,603,1,2
2026271252,정지윤,student292@hanyang.ac.kr,010-4338-2156,101,L,1,인문사회계열,2,601,603,1,3
2026445356,배우진,student293@hanyang.ac.kr,010-5483-1161,102,L,1,자연계열,1,307,403,2,2
2026445356,배우진,student293@hanyang.ac.kr,010-5483-1161,102,L,1,자연계열,2,403,307,2,3
2026847868,양예린,student294@hanyang.ac.kr,010-7064-5081,102,L,1,자연계열,1,200,208,1,2
2026847868,양예린,student294@hanyang.ac.kr,010-7064-5081,102,L,1,자연계열,2,208,200,1,4
2026399736,양지후,student295@hanyang.ac.kr,010-8858-9156,102,L,1,자연계열,1,400,201,2,4
2026399736,양지후,student295@hanyang.ac.kr,010-8858-9156,102,L,1,자연계열,2,400,201,2,5
2026153379,고선우,student296@hanyang.ac.kr,010-9832-2931,102,L,1,자연계열,1,300,204,1,2
2026153379,고선우,student296@hanyang.ac.kr,010-9832-2931,102,L,1,자연계열,2,300,204,2,2
2026857526,안수아,student297@hanyang.ac.kr,010-3518-7729,101,L,1,인문사회계열,1,501,602,1,1
2026857526,안수아,student297@hanyang.ac.kr,010-3518-7729,101,L,1,인문사회계열,2,602,501,2,2
2026398739,조윤서,student298@hanyang.ac.kr,010-5354-2946,101,L,1,인문사회계열,1,600,803,1,4
2026398739,조윤서,student298@hanyang.ac.kr,010-5354-2946,101,L,1,인문사회계열,2,803,600,2,4
2026609533,윤연우,student299@hanyang.ac.kr,010-2884-5317,102,L,1,자연계열,1,302,304,1,3
2026609533,윤연우,student299@hanyang.ac.kr,010-2884-5317,102,L,1,자연계열,2,302,304,2,5
2026289989,정서현,student300@hanyang.ac.kr,010-1628-5486,102,L,1,자연계열,1,405,404,1,3
2026289989,정서현,student300@hanyang.ac.kr,010-1628-5486,102,L,1,자연계열,2,404,405,3,3
